SCSGLR1025E03.g#pectinesterase 3-like#XVEVGKKHVNLMFVGDGIGKTVIKASRNVVDGYTTFRSATVAVVGNNFLARDLTIENSAGPSKHQAVALRVGADLSAFYRCSFAGYQDTLYAHSLRQFYRDCDVYGTVDFVFGDAAAVLQGCSLYARRPGPGQKNVVTAQGREDPNQNTGIVVQGGKVAAAADLVPVLGNVSSYLGRPWKQYSRTVFVQTKMEALVHPRGWLEWNGTFALDTLYYAEYMNRGPGADTSARVAWPGYHVLTNATDAANFTVLDFIQGDLWLNSTSFPYTLGFT,
SCAGRT2038D08.g#protein notum homolog#MATAEHTSSSLPFRSVDLPDVPRSWRQLPGPAGHLRALTCGDGGGGLFSGAHRADAPHRSAGEGRSVLGWKPAGLPLPERLRLRNPQLDRISSGRSLVHQNNTTETCFERKMTSYGSSKLMEAITFDGIFSNQQTQNPDFYNWNKVFVRYCDGASFSGDAEGEAQDGTRLFFRGSRIWDAVVDELMGKGMDTAKQALLAGCSAGGLATLVHCDNFRARFPQEVPVKCLPDGGFFLDVKDLSGERHMRSIFNGVVQLQNVSKVLPKDCLAKKDPTECFFPAELTKSISTPTFIVNSEYDAWQVXVITILFITSSTGHLGNILTAVSTIRSSPDCNVVAPEDRILETHGRTAELISGTAVPSRSMCCMVXPLAYLANLLCFGFHQATVLISVTRNVPCAPAGFRRELLRELKVAEGERGWGLFIDSCFTHCQTQSSDSWHSPTSPRLGNRTVAEAVGDWYFGRRRVVKQIDCKYPCNPTCSSXVALNWLLHDQHWTELRFMGVFVFFSPSHRPNLLARFISHGVTFFSHNKSANSTFQS,
SCQGST3123C08.g#probable pectinesterase pectinesterase inhibitor 12#CHTTPHPVSCLAAVASHLDASAAGAKVAEASAVSVQLLPPNVLSVLLASLRGAESALSSLSPALSALSAPPAGSPAGASLRRGAAQDCQELHAATLSSLSRSASLLAAPGEGQGIPAALTNKATCLDGLAGASGPRIGGLLVSLDDAYEHVSNSLALVARRGGGGVPAAGFVNAVAKTVHNRRLLQDDDDDDDDDSDGDDDDNSSADDDDDDSNGDDSGGNTGQPAATVITVAKDGTGNFRTVGEAVAAAPNNSETRTV,
SCCCRT2003F04.g#probable xyloglucan glycosyltransferase 5#MAPGLGLAYPWGRDVRRGTPVVVTTENPNYSVVEIDGPEAEALRAGVPGPTMDKGRGRSAKQFTWVLLLRAHRAAGCLASLAAVTWALPSAVAKRFRRA,
SCRFHR1008D11.g#glucan endo- -beta-glucosidase gvi precursor#MTACGGGARMPAAAAAAKMAAPWVLGCSLLLCLATFQGAEGAIGVNYGMVANNLPAPEQVISMYKAKNISYVRLFHPDTTVLNALRGSGIGVVLGTLNEDLPRLASDSSYAASWVATNVQPFAGAVQFRYINAGNEVIPGDX,
SCUTLR1037C07.g#alpha-galactosidase precursor#MVTTDKQSSTSYAGRGSGRRRNGARDSEPVSESDAVLLLLGACLAAVAALGAADYDARASRPPPVPLPVDGGARRVLVANGLGLTPQMGWNSWNHFQCDINEAVVRSTADALVATGLAKAGYKYVNLDDCWADYQRNKEGYLVANPKTFPSGIKALADYVHSKGLKLGIYSSAGTRTCSNRMPGSLGHEDKDAKTFASWGVDYLKYDNCYRDGTPETVRFGRMSRALKNSGRPIFYSLCEWGYMEVPKWGGMYGNSWRTTGDISDTWSGMLDNIDRNDAYARYAKPGGWNDPDMLEVGNGGMAYNEYVVHFSLWAIAKAPLVIGCDVTRVSKETLGILSNAEVIAINQDRMGVQGKKVKKYGNDLEVWAGQLSRHRKAVLLLNRGATRSASITAAWPDVGIRRGVTVEARDVWKHETLPGRFTGSLTAVVGPHSCKLFVLXTRSSLTAAPLEIHPSIWLDIKPDDFRFLLCSDCFDNKSPSAFVGELVXDLTCMVQRSVWRSNMPNKLDQQLRX,
SCCCLR1001C05.g#o-glycosyl hydrolase family 17 protein#MTERRELLLLALFGVLHLVRLLPLAASQSFIGINYGEVADNLPPPSSTARLVQSTTITKVRLYGTDPAIISAFAGTGISLLLGATNGDIANLASSPAAAAAWVAAHLPASSPAVSTVSVGNEVLFADASLASQLVPAMQNLYDALPPNSSVKVSTVNAMDVLASSDPPSSGAFKPELAAALDPLLAFLSKTGSPFLINPYPYFAYLSDPRPETLAFCLFQPNAGRADAGSGLTYTNMFDAX,
SCQSRT1035C08.g#endoglucanase 12-like#MYSANHWGGSFEIADGAAEDDHSRNMDLDRGALSARQHHELDETQQSWLLGPPEAKKKDKYVDLGCVVVKRKVLWWALWCVVAAFVLIGLPIIIAKSIPHKKPGPPPPDQYTEALHKALLFFNAQKSGHLPKNNGIKWRGNSGLSDGSDAKDVKGGLVGGYYDAGDNIKFHFPMAFSMTLLSWSVIEYSAKYKAMGEYDHVRELIKWGTDYLLLTFNSSASTIDKLYAQVGSAKINGSRPDDHYCWNRPEDMAYPRPSLSVSSGPDLGGEVAAAL,
SCSBLB1034B05.g#glycoprotein 3-alpha-l-fucosyltransferase a-like#XPAPARRPRGGPAMKGSSHSQAGAQAGRRRRWGWLLPLLVGAAFLAEIAFLGRLDMAKNAEAVESWTTSFYRRSAHWGDAVGGGATPRAGGDGDSEDEEIRRCEQRLEREDAVPYDRDFDRDPVLSVALPRIGINAT,
SCAGLR1021F11.g#beta-glucosidase isozyme 2 precursor#QKGRVSQHQSSSSSRLEPFRLPARDTGVGTGMAKLLLPALLLAASACIGAHAKFSRHSFPKDFVFGTGSAAYQYEGAYNEGGKGPSIWDKFTHIPGKILNNDTGDEQMTCTIXYKEDVQLLKDMNLDAFRFSIAWTRILPNGSLSGGINKEGVAFYNNLINEVIAKGLKPFVTIFHWDTPLALEDKYGGFLSENIIKDYVDFAEVCFKEFGDRVKYWTTFNEPWTYSSQGYAVGKFAPGRCSSYVSKSCSAGDSAREPYIVTHNIILAHAEAVALYNAKYKPAQRGQIGITVVSNWYVPNDANSTADIKAVQRSLDFMYGWFLDPIVHGEYPGTMMGYLGDRLPRFTAAQAKLIKGSYDFIXRNLLHRYFTSGKPAPNGLEQSYDGDIRANTFGVRDGVALRQAGFVPNFFKYPQGLRE,
SCJFRZ2005F03.g#disease resistance response protein 206#MAATTSSSRAASTTLLLLLCAAALAPGATAADDTGFTTFKLYFHDIVAGTSSPTAVRIAQAASSNTSSTSFGAVVAIDDPLTTGPTRASGTEIGRAQGTYTFADQKTFGLLMVMNFVFTGGEHNGSTLSIMGRNEVLSDIREMSIVGGSGKFRMAKGYVQAHTIDSGATFGETVVQYTVNVKV,
SCEQFL5044F07.g#beta-galactosidase 4#XLDMGSMGKGQMWVNGHHAGRFWSYRAYSGSCRRCSYAGTYREDQCMSNCGDLTQRWYHVPRSWLKPSGNLLVVLEEYGGGDLAGVALXDTEHMNKASDNIASNSYILRPDVEQTNHAVFVDGIYTTLKSHHSNGYTTRKGRMAFISADRRVWLPAISAAAGTAASCTGRPPAHTWRPIHW,
SCEQFL5044F07.g#beta-galactosidase 4#MCVARLVHVLRVARATPARSPPPYSSSTTSRFPLGFSHDRGTWYHLWVRSPQLDMHWSSRYVXGVAAPPAAAGEALYDQNRPAWCPFTHIWPLPMLPMSRX,
SCJLST1027C06.g#alpha-l-arabinofuranosidase c-terminus family expressed#MSLFFSTPMRNAASASEARRLPLPASFGSVTAYSLTNTLGPLRDVLSNILFIWKI,
SCBGLR1044G01.g#probable polygalacturonase#XDAWVAIDARITIIWVWAGAQRTALWESHSWTEFEDVVITGHNGSINGQGEVWWMKHRRRILNNTRPPLVQLMWSKDIIVANITLRNSPFWHLHPYDCTNVTVSNVTILSPVSGAPNTDGIDPDSCQDVLIENCYISVGDDAIAVKSGWDQYGIAYGHPSSNILIRNVTARSLLSAGISIGSEMSGGVANVTVENVRIWES,
SCCCRT1001G07.g#probable pectinesterase 15#XVVVWSNKTGITLQGRGNLNTTIVWNDTANSSGGTFYSATVAVLAASFVAYNVSVQNTAPPADPGGAGGQAVALRVAGDQAAFYWCGFYSSQDTLLDEQGRHFFQGCYVEGSIDFIFGNARSLYHGCTISSVANAAADGTVTGSVTAHGRASPADRTGFAFVGCTVVGTGQVWLGRAWGPYATVVFARTYLSAVVAPGAWNDWNDPARQQSVFFGEYDCTGPGASGGPVQRVAYARQLDQRQAAPFMDVSYIDGNQWAVPPLPPPMQMQGAAGEDIIISAEFSHGQAXQHVNLVNSVNNQSAMYGTVDPRSVRSRVINYEMSKEERPLFSRVSTGVDLTTCKPLAGRRIRVTANTNSPPPVAASSSSFDSSLMGTHPPSLCIPTQCCCCIFHGGGDEEVXSRGHEDGAARLQLVGVEEALAGAVPVLVCRGGRHRKRAKGTSGDDGVVASRWRPDSGGGVTGAVDGSVRPADAEKAGGDTSCCGSLAXGADGEDGGRGRAELLLALLALRSTTGDGDSEVSTDEAGDDGGATKASXRLRRVARKWWMLELPAACSAQGAPVSGDRDASAMRCGWPCGRNHLSFAFRRDHHLVFFCSGEAGVVVELLLVALEAVLVALAAAAKTMAAACTVSSSCCRCIFFLFPFA,
SCBGSB1026A09.g#beta-glucosidase 1-like#XNSPADQAAAERSRDFHVGWFLHPIIYGEYPKSVQKIVKERLPKFTADEINIVKGSIDYVGVNQYTAYYVRDQQPNATTLLSYSSDWHAEFVYERNGVPIGPRANSDWLYIVPWGLYKAVTYVKEKYGNPTMFLSENGMDDPGDVTVAQGVHDATKVAYYRSYISKLKEAIVGGANCVGYFAWSLLDNFEWKLGYTVQXRLVYVISDTQTVPQESAYWFXDVITGHN,
SCMCST1055D01.g#tpa: alpha-l-arabinofuranosidase family protein#XHAWAKGKKKAWARTPAVRKDCGLFCLKSPNAPAAATTFCMRLLLARAADVVLEFGARAVPPSIRPPSRDSVRYLYCSFQSGFADACAATGALRPASSWACPPDTLSGAQSDLLYYNLLPSASILRGLQMRPLEIEATQTATLKVDATPHLSRTIHDTVYGLFFDDINHAGACGIWAKLVNNLGFEAGGSHTPSNIVPWAIFGDDSX,
SCJFFL1C04A05.g#glucuronoxylan glucuronosyltransferase f8h#MAGKQFPSPAHSRLASSAFSRRLLAAVAASLILLTASYFLLLSPSAHRSAPAILASPSATTSFLASLDRFLSDPHPSASAAAPGELDAAIRVQEEARLYGDDPAWPAPAAGPLRVYVYEMPSKFTYDLLRLFRDSYRDTDNLTSNGSPVHRLIEQHSIDYWLWADLTAPESQRLLKSVIGFSGKKKLTFXYVAILHDNQFFLLENQECKALYRE,
SCJFLR1074C05.g#cellulose synthase-like protein h1#HPTIIKVLWDSSSKSKSNQAAGDGIPSLIYVSREKSPTQHHHFKAGAMNVLTRVSAVVTNAPIMLNVDCDMFANNPQVALHAMCLLLGFDDELHSGFVQAPQKFYGGLKDDPFGNQMQVIYEKVGLGVAGLQGIFYSGTGCFHRRKVIYGVPPDSSTTSIKDSPSYKELHNRFGSSKELIESARSIISGDMFKAPMVVEGQT,
SCRFAD1020D07.g#core alpha -fucosyltransferase#XSLAFENSNEEDYVTEKFFQSLVAGSIPVVVGAPNIQEFSPGEGAILHIKELDDVASVAKTMKNIASNPDAFNQSLRWKYDGPSDSFKALIDMAAVHSSCRLCIHIATKIHLKEEMTPKFTNRPCSCSSKKGTVYHLFVRERGRFKSESIYMRSGQLTLGALESAVLGKFRSLNHVPCMEGRKTTEY,
SCCCRZ1001B11.g#probable mannose-1-phosphate guanylyltransferase 1#RSRGRGENRYKDAASVVGSRVDLESQPTLFPPLFSLSSSSLQAAAPAAESSAPLTXNASPSLVVSERPPSRQGFKGEELSWEEDCYSHEGPHSRRRLRHSPATADISVPKPLVDFGNKPMILHQIEALKEVGVTEVVLAINYQPEVMLNFLKDFESKLGIKITCSQETEPLGTAGPLALARDKLVDGSGDPFFVLNSDVISEYPFAELIEFHRAHGGEATIMVTKVDEPSKYGVVVMEEGTGKVERFVEKPKVFVGNKINAGIYLLNPSVLDRIELKPTSIEKDVFPRIAADEALFAMVLPGFWMDIGQPRDYITGLRLYLDSLRKKAPARLASGAHVLGNVLVHETAVIGEGCLIGPDVAVGPGCVVEAGVRLSRCTVMRGARVKQHACVSSSIIGWHSTVGKWARVENMTILGEDVHVCDEIYSNGGVVLPHKEIKSSILKPEIVIDPGGNLSGGAKSKLQGLPLHPIPMW,
SCSFFL4084B02.b#cinnamoyl- reductase#XHLRVFESPRASGRYLCAERVLHREDVVRILAKLFPEYPVPTRCSDEVNPRKQPYKFSNQKLRDLGLEFRPVSQSLYDTVKNLQEKGHLPVLGEQTTEADDKEAAPAAAELQQGGIAIRA,
SCEZRZ3015A12.g#probable beta-d-xylosidase 7#XSTDLEASACCKHFTAYDLENWHGITRYVYDAKVKCQQLPMIECLGWQVTAQDLEDTYNPPFKSCVEDGHASGIMCSYNRVNGVPTCADYNLLSKTARQGWGFYGYITSDCDAVSIIHDAQGYAKTAEDAVADVLKAGMDVNCGGYVQEHGASALQQGKITEQDIDRALHNLFAVRMRLGLFNGDPRRNRYGNIGPDQVCTQEHQDLALEAAQDGIVLLKNDGGALPLSKSGVASLAVIGFNANDATRLLGNYFGPPCVTVTPLQVLQGYVKDTSFVAACNSAACNVTTIPEAVQAASSADYVVLFMGLDQDQEREEVDRLDLTLPGQQQTLIESVANAAKKPVVLVLLCGGPVDVSFAKTNPKIGAILWAGYPGEAGGIAIAQVLFGEHNPGGRLPVTWYPQDFTRVPMTDMRMRADPPTGYPGRTYRFYRGPTVFNFGYGLSYSKYSHRFVTKPPPMSNVAGLKALETTTAGGMATYDVEAIGWETCDRLKFPAVVRVQNHGPMDGKHPVLVFLRWPNATDGSGRPARQLIGFHSLHLRAMQTAHVEFEVSPCKHFSRATEDGRKVIDQGSHFVMVGEDEFEMSFMXMIPVVNCDGSLKRFLRIPMLSYNLFKREKGNWSKITAX,
SCCCLR1001A05.g#sucrose synthase#XQLGSHGSMTLNTNELIALFSRYVNQGKGMLQRHQLLAEFDALFDSDKEKYAPFEDFLRAAQEAIVLPPWVALAIRPRPGVWDYIRVNVSELAVEELSVSEYLAFKEQLVDGNSNSNFVLELDFEPFNASFPRPSMSKSIGNGVQFLNRHLSSKLFQDKESLYPLLNFLKAHNYKGTTMMLNDRIQSLRGLQSSLRKAEEYLLSVPQDTPYSEFNHRFQELGLEKGWGDTAKRVLDTLHLLLDLLEAPDPANLEKFLGTIPMMFNVVILSPHGYFAQSNVLGYPDTGGQVVYILDQVRALENEMLLRIKQQGLDITPKILIVTRLLPDAVGTTCGQRLEKVIGTEHTDIIRIPFRNENGILRKWISRFDVWPYLETYTEDVASEIMLEMQAKPDLIVGNYSDGNLVATLLAHKLGVTQCTIAHALEKTKYPNSDIYLDKFDSQYHFSCQFTADLIAMNHTDFIITSTFQEIAGSKDTVGQYESHIAFTLPGLYRVVHGIDVFDPKFNIVSPGADMSVYYPYTETDKRLTAFHPEIEELIYSDVENDEHKFVLKDKNKPIIFSMARLDRVKNMTGLVEMYGKNARLRELANLVIVAGDHGKESKDREEQAEFKKMYSLIDEYNLKGHIRWISAQMNRVRNAELYRYICDTKGAFVQPAFYEAFGLTVIESMTCGLPTIATCHGGPAEIIVDGVSGLHIDPYHSDKAADILVNFFEKCKADPSYWDKISQGGLQRIYEKYTWKLYSERLMTLTGVYGFWKYVSNLERRETRRYLEMFYALKYRSLASAVPLSFDXCGKEEPQSGVVENHHLHFDCSLQFXIVSCVFELCVLRFQALWFLFASFGQRWLVPFKELAAPFASNKRLLVHLSSKVQCNVLLPKSSFLTDGDVMFCQFC,
SCBFRT1064A01.g#cinnamoyl reductase#MTVVDAVSTDAAGAPAAAAAPVQPAGNGQTVCVTGAAGYIASWLVKLLLEKGYTVKGTVRNPDDPKNAHLKALDGAAERLILCKADLLDYDAICRAVQGCHGVFHTASPVTDDPEQMVEPAVRGTEYVINAAAEAGTVRRVVFTSSIGAVTMDPSRGPDVVVDESCWSDLEFCKKTRNWYX,
SCSBRT3039E08.g#acidic endochitinase-like#MAGRALTHFQLTATILVALVATCHAGSIAVYWGQNDGESSLSATCASGNYKFVILAFVYKFGKGQTPDLNLAGHCEPSSGGCKFLSKDIQSCQRRGIKVLLSIGGGWGSYGLSSERDAREVAAYLWNNYLGGTSSSRPLGDAVLDGVDFDIEQGSAKFWDSLARDLKNLGKKKGSKGVLLSAAP,
SCVPLR1049H06.g#probable pectinesterase 68#MVTEXVXVGAERLPVGAAALARSCHSTTVTSRPAPWNVTYGFDAGTTTFSMYVPALICMMMRMVLPSGTESTACWMETKSPAPLASTTIFRTPTGCLYRWPECLLYSHFVAACWLAIGGRRLAMVTSTNKRMEPYCFAKLTRILEIARCDNVRKVEIARDNDMRFLQYAWP,
SCEZLB1007H04.g#galacturonosyltransferase 8-like#XNVSSSRQLDLQAKDLIRAARTGIADCKPLFDPQLKIQRLKDTIFAQNELLARAKKRGAFASLIAAKSIPKPLHCLAVRLTAERIARPDHYADPVPPPLALEDPALFHYAIFSDNVLAASCVVRSAVANSNDPSKHVFHVVTDRMNLGAMQVIIRRMDLKGAHYEVKAFEDYKFLNSSYVPVLRQLESANLQKFYFENKLENATKDASNMKFRNPKYLSMLNHLRFYLPEMYPKLHRILFLDDDVVVQRDLTGLWKIDMDGKVNGAVETCFGSFHRYAQYMNFSHPLIKAKFNPNACGWAYGMNFFDLDSWRREKCTEQYHYWQNQNENRTLWKLGTLPPGLITFYSTTKPLEKSWHVLGLGYNPSISMEEIRNAAVVHFNGNMKPWLDIGMNQFRHLWTKYVDYDDSYIRQCNFXTTIEGLIICIEDFLHSSTENRAVCPLELETATRGNVAHTYAASTFSVEIQGVSQVQLKEPPQFFLAHNVIKL,
SCEQRT2099E04.g#anthocyanidin -o-glucosyltransferase-like#XTHSDRVVQMLGYLKAMNAPLRDLLRSLPAVDALVVDMFCGDALGVAAELNLPVYYFYASGASALAVFLNLPRMMATDFQLETNGGDSVLSLPGAPPFKASELPELIRNGSQAGKAVLRMLYLFPEANGILVNTFESLETRAVRPLRDGLCVPDRSTPPVYCIGPLVSGGGEKDHECLRWLDM,
SCJFST1048H08.g#anthocyanidin -o-glucosyltransferase#MTMKQQQTVILYPSPGVGHIVPMVHLAKVFLRHGYDVTMVMAEPAASSPDFRIVDVDRVAAANPAITFHVLPPVPYADLAVSGKHHFLLTLQVLRRYNDELERFLRSIVPRQRVHSLVVGMFSTDAVDVGAKLGLPVYTLFASAAATLAVVAQLPALLSGRRGAGLKELGDTPLKFLGVPPFPASHLVRELLX,
SCCCRZ1001C04.g#core alpha -fucosyltransferase#MTKHTEDSIHRLNLSESTLIELLLPSYXLAVNCNKTNNLIIMKLTLSTQHRVLLKKKSFSVLGKFRPLNHVPVWKDERPPSIRVEDDLKVYIIYPVGLTQCQHCTVSDLEMIQNSSNIKDHACAKFQVNFGNYDLGICFPLILTGLHHVEFQLYYSVGCFCIAKKLMLASTDHLPVEIFHDSEQQCLTSGTTVADLSEITSITLQLLKLKEPQAKAPSIAQTRKQEYSVVIQTGVGTMLCYLCGSSCTTNRSYLGSVGVLAGCDLCDSSCAMSPPGKSDALRWGVEALSAAASRWRLGAPDQGDHAGAEGCPPWEAGSGGVEALSAASRRIDLRGALHGGVAPAAR,
SCJLAM2094C07.g#probable galacturonosyltransferase-like 3#MRVLAVVLLAAACAAAAGGGGELPEFREAPAFRNGAACAGAPTIHIAMTLDATYLRGSLAGVLSVLRHAACPESIAFHFVASSGFPGXAALARSXGRLRAGX,
SCCCLR1080D07.g#glucan endo- -beta-glucosidase 3 precursor#MGLPVVGVMVPAAACTGGEEQPEELGSLVVRVAVPVKSQVAPLALLFW,
SCQGLR2025B01.g#tpa: laccase family protein#KLKVKPGKTYMLRIINAALNDELFFSIAGHPLTVVDVDAVYIKPITVETILITPGQTTNVLLTTKPSYPGATYYMLAAPYSTARPGTFDNTTVAGILEYEDPTSPPPHAAFNKNLPVLKPTLPQINDTSFVANYTAKLRSLATAEYPAAVPQEVDRWFFFTVGLGTHPCAVNGTCQGPTNSSRFAASVNNVSFVLPTKALLHSHFTGLSSGVYESDFPVAPLTPFNYTGTPPNNTNVANGTKLMVIPYGTNVELVMQGTSILGIESHPLHLHGFNFFVVGQGYGNYDPVNDPAKFNLVDPVERNTVGVPAGGWVAIRFLADNPGVWFMHCHLEVHTTWGLRMAWLVLDGNLPHQKLLPPPSDLPKC,
SCSBRZ3120B08.g#chitinase 6-like#XWGPLKGPGDXKVVLGKYVXNGPFFKRFLAQGPRLVEGQRGFTPGKASFGAGRVIPVGWAATATFXDSKGEIAAFFGNGQPEDHKVSXYINEIDGPSKKYCDPNNKAVAVPGGEKGTTGAAPLQISGNYNYGPAGQSIGLDGLGDPDAVARSALVAFRSALWYWMNNVHGVFVSGQGFGATIRAINGALECDGKNPDSVNNRVAYYKQFCQDFGVDPGSNLTC,
SCRFAM2128D09.g#anthocyanidin -o-glucosyltransferase-like#RFLWVLRGPPEHGTKLSSDGDLAELLPPGFSERTKGRGLVWPRWAPQKEILAHAAVGGFVTHCGWNSVLESLWFGVPMLTWPWAAEQHYNAFTLVAGMGVAVAMEVRRKEDNFVEAAELERAVRALMGGAEGTTAREKAREMKAACRRGVEEGGSSYASLQRLCDALHKGAVLPAKFP,
SCEPAM1024A02.g#disease resistance response protein#MATGPAAAAAHAAGGRSRLIHLHFYMHDITGGPGQTAVQVVKGPGPAHPAMPGYHFGDTTVIDDALTDGPSASSSRLVGRTQGTYTLASLTEPVLAVSMTVALTGGAYNGSTVAVVGRDDVSAGVRELAVVGGTGALRGATGHVLWRTARMESRDHMVLELDVYATVPAASPALLRGPASCVRWPDALTSTVPRRDRIGHGFHLPCTIV,
SCJFRZ2027H04.g#21 kda#MARLLLLAAAAAAFLAASAASPVASDFIRKSCRATQYPSVCEQSLASYGGSPPPRSPRELARAALSVSADRASAASAYVGRLCGAGAGAKGAKKGSGSRPAAAAGPVRDCLENLADSVGHLRDAAQEMGGAGMSRSGTPAFKWHLSNVQTWCSAALTDENTCLDGLSARGVDAGTRAAIRGKVVEVAQVTSNALALVNKVGPGY,
SCAGLR1064G02.g#trans-cinnamate 4-monooxygenase#XASADAWADAWAQTADGEQTEPHTPPTPAGPQASSSMDLVLLEKALLGLFAAAVVAIAVAKLTGKRYRLPPGPPGAPVVGNWLQVGDDLNHRNLMALAKRFGDIFLLRMGVRNLVVVSTPELAKEVLHTQGVEFGSRTRNVVFDIFTGKGQDMVFTVYGDHWRKMRRIMTVPFFTNKVVAQNRAGWEEEARLVVEDVRRDPRAAAEGVVIRKRLQLMMYNDMFRIMFDRRFESEEDPLFNKLKALX,
SCQGFL4080A05.g#probable arabinosyltransferase arad1 isoform x3#XSPAGDTPSSARLFDAIVSGCIPVIISDELELPFEGILDYREIALFVSSSDAVQPGWLVKYLRGIDTKRIREIQSNLVKYSRHFLYSSPAQPLGPEDLTWRMIAGKLLNIKLQIRRSQRLVRESRSICTCECRVGNTTRML,
SCSGAM2078E10.b#cellulose synthase-like protein h1#XGFSCAKKVFDSPRFGARFGEHPTGFSGIKFLSRRGPWGFFTVVLKIFGLLETGFKVTRKEPFDGGAGEDADPGGFTFKLSPVFVPPTALTMLSIVAVAIGMWRMLVPGSGEKVPTGGPGVGEVVCCGWLVLWFWPFVRGLVPVGRGRYGIPWRVRFKAALLVATFVQLSTRM,
SCJFRT1061B11.b#glycosyl hydrolase family 10 protein#XYFISLTDSXFRNLPTGDVVDKLIAEWKTHSHAGVADADGYYEAELFHGDYKVTVSHPVANSTVVQSLSVDRETNTDSEYTIXRLVAALSPIYVASFLVLLLXLGGDRYTIRIHMCMCMIVGLDFRVLW,
SCEQRT2029C08.g#cinnamyl-alcohol dehydrogenase family protein isoform 1 isoform x1#MSTIIFQSSAKQRRFIEDIYCGVCYADVIWTQNKHNDSQYPLVPGHEIAGVVTEVGTDVKGFKVGDHVGVGTYVNSCRDCENCNSSLENYLPKSVFTFNRIDTDGTITKGGYS,
SCEPAM2013C08.g#cinnamyl alcohol dehydrogenase 5#XDAWADAWADAWERNPQPLPLGISKSLSGRKNSSVLLPDPIPMAPTVAVAAAEKGRQHTGKAVGLAAHDASGHLAPLTITRRSTGDDDXSDKDSLLRDVSPDLHSIKNEWNIAMYPMVPGHEIAGVVTEVGKNVTKFKPGDRVGVGCMVNSCQSCDSCTEGFENTCRGGIIFTYNSVDRDGTVTYGGYSTAVTVHERFVVRFPDAMPLDRGAPLLCAGVTVYSPMKHHGLLDAAPGKKQKHVGVLGLGGLGHVAVKFAKALGMKVTVISTSPGKKQEAIDRLGADGFVVSRDDEEMKAAASSMDAIINTVSANVPLAPFMGLLKPNGKMIMVGLPTKALEIPXFDLIM,
SCCCST3144C06.g#probable glucuronosyltransferase os01g0926600-like#XHPPTYYEDMQRAVFCLCPLRWAPWSPRLVEAVVFGCIPVIIANDIVLAFADAIPWEEIGVFVAEDDVPKLDTILTSIPMEVILRKQRLLANPSMKQAMLFPQPAQPGDAFHQILNGLARKLPHGEGVFLKSGQKVLNWTEGPRGDLKPWXGVVDGTAQPDERLIDDDDDEYSHATDVNVKHLPAHQDLCFLLRRCVCSACMTVSVLTFILALAYYRLQIMXMYGCCIILSYTVDGGEKKRLTPIHVTANDDVFQSWMLN,
SCRULB2063B10.g#probable arabinosyltransferase arad1#XVLISGVNLRPACSLKIYLYDLPAKFTYGVVRSYTAARAPSGSADAAAALPDELLRYPGHQHAAEWWLFKDLLRRRPWDRPVARVDDPSDADLFYVPFFSSLSLVVNPIRSPPAANASGAAAAYSDEAMQEELLEWLERQPYWRRHWGRDHIFICQDPNALYRVIDRISNAVLLVSDFGRLRSDQASLVKDVILPYSHRINSFKGEVG,
SCSBLB1032E01.g#fasciclin-like arabinogalactan protein 7-like#MGSKAAILATAVLAVLFSAPVLAQKSSPPAPAPVSLSPTPAPAPAPHYVDLAELLSVAGPFHTFLNYLEKTNVIETFQGQANNTKVGITIFVPKDSAFAALKKSTFSNLTSDQLKTLLLYHAFPKFYSLAEFKNLSSLNPVSTFAGPPYNLNLTDDMGSIYVQSMWSRPEIASSVYATKPVAIYALNKVLLPLQLFNX,
SCSBAD1054A07.g#probable cinnamyl alcohol dehydrogenase 8d-like#MSAVIPCCPAKSSIAWQSAILPTPFPATRFPPVMMAYAGSSSGVLGAPTTTICPMGFSSASSGTIWCPAETVSMMPSIVPAAAFICSVSRLTKNSSAPRRSIASSRLAGDELITVTAIPNAXAELDGDVTKATEADDAEALSWHVEAVSTMGLYTEMSGFVDGLLCRCSMETLNKSVRPCLLGEQNYPGTTGYMALPHSFLMMWRSVWQTPQKSILIVTSPS,
SCSBFL4063A12.g#probable galacturonosyltransferase 13#XHLRIYLPELFPNLNKVVFLDDDIVVQRDLSPLWAINLEGKVNGAVETCRGEDNWVMSKRFRTYFNFSHPVIARSLDPDECAWAYGMNIFDLAAWRKTNIRDTYHFWLKENLKSGLTLWKFGTLPPALIAFRGHVHGIDPSWHLLGLGYQDKTDIESVRRAAVIHYNGQCKPWLDIAFKNLQPFWTKHVNYSNDFVRNCHILEPQHVKDDLQKMLDTAREYSXMIRLLAGEADCFWINILVNQESNQHSIQLTIPAKTGIQIPQEFSSVSQGNTILTICIILVHHSFLYCNCTX
