SCCCLB1004F09.g#Cell wall metabolism|cell wall growth/extension|Cell wall|Expansin#XRLREQPQYHHSTPVQDQSSEGKKKQKGRPGGGEEPEPTRTSEPTRNGFLARLALFLLCALLPALPISAALLFGGGKSAAAAKAGVDMEWRPATATWYGEAEGDGSDGGACGYGTLVDVVPMKARVGSVSPVLFKDGEGCGACYKVKCLDHGICSRRAVTVIVTDECVTTWALGX$
SCSGFL1077H06.b#Cell wall metabolism|Other glycan degradation|Cell wall|beta-1,3-glucanase Glycosyl hydrolases family 17#XNLXGLIDENARAGAGHFERHGAFYLGRPAKFPLDLRTDGRPTMPSPARGVEYLPRRWCVLNPISTGEDAADGRIADNVGYACSRADCTALGYGCSCGALDARGNASYAFNAYYQAQGQVESACDFQGLAVVVDEDASQGACNFSVQVVGSGAPVAAAVTTV$
SCMCSB1108H08.g#Carbohydrate metabolism|several pathways (several putative substrates)|Cell wall|Glycosyl hydrolase family 1#MAPPLISSSAVLRRLRVHSLLPRLLVFLLAAAIVVPRSASAITRHDFPEGFVFGAGSSAFQVEGAAAEDGRTPSIWDTFTHEGFSYDGSTADISADQYHHYKEDVKLMHEMGLDAYRF$
SCUTLR2030G02.g#Cell wall metabolism|Other glycan degradation|Cell wall|endo-1,4-beta-glucanase Glycosyl hydrolase family 9#XXGGEREEEEQEKSAGGRMFGRDPWGGPLEISNADSATDDDRSRDLDRAALMRQLDETQQSWLLAGPGDQAGKKKKKYVDLGCVVVDRKIFMWTVGTILGLGVFIGFIMMIVKLVPHKRPPPPPPDQYTQALHKALMFFNAQRSGPLPKHNGVSWRGNSCMKDGLSDSTVRRSLVGGYYDAGDAIKFNYPMAWSMTMLSWSVIEYRAKYEAIGELDHIKELIKWGTDYILKTFNSSADTIDRIVAQVGVGDTSKGSSQPNDHYCWMRPEDIDYKRPVTECHSCSDLASEMAAALAAASIVFKDSKTYSDKLVKGAKALYKFGRLQRGRYSPNGSDQAIFYNSTSYWDEFVWGGAWMYFATGNNSYLTVATAPGMAKHAGAYWFGSPNYGVFTWDDKLPGAQVLLSRLRLFLSPGYPYEEILRTFHNQTDNVMCSYLPLFNSFNFTKGGLIQLNHGRPQPLQYAVNAAFLASLYSDYLEAADTPGWYCGPNFYTTEVLRKFARSQLDYILGKNPLKMSYVVGFGNKYPKRPHHRGASIPHNGVKYGCKGGYKWRDTKKANPNILVGAMVAGPDRHDGYKDVRTNYNYTEPTLAANAGLVAALISISDIKTGRFGIDKNTIFSAIPPMFPTPPTTAISMETIKRQISEYFRKHQTGKWSKHMIIWYSKGQKQGSGQHKLIELLFLYQHDRSV$
SCCCLB1002D03.g#Cell wall metabolism|Other glycan degradation|Cell wall|beta-1,3-glucanase Glycosyl hydrolases family 17#XTTEQPSSARFRDGYDTAIVRPMLRFLRATGAPFMVNAYPFYGLANDSSSLDFALFRVNDGVMDQGSGLVYGNMLDAQLDAVHSAVRRLGFGDVDIVVSETGWPSAGEDWEVGVGADLARDYNRNAIRHLGSGVGTPLMPNRTFEVSVFSLFDENLKPGPVSERNFGLFRGDMTPVYDVGIFTDPETFEPVSAKVTPAPSSPGAAGGRRQWCVPKPAADEMVLQENIDFAX$
SCSGFL1079A11.g#Cell wall metabolism|Phenylpropanoid biosynthesis|Cell wall|Cinnamoyl-coA reductase (CCR)#MGHGSCMRFVLAAPAGLLCSVLWDKQVFXTVEWLLVCVEESTVETEVRAAHNVLEACAQTDAMERVVFTSSVTAAVWSGAGAGTHGHEEAVADERSWSDLAFCRKFKLWHALAKTLSEKTAWALAMDRGVDMVAINAGLLTGAPGLRLTAAHPYLKGAPDMYDGGVLVTVDVDFLADAHVAAYESPTAYGRYLCFNNAVCRPEDAVKLAQMLSPAAPHARSPPPPSDELKVIPQRIQNKKLNKLMLEFASGV$
SCEQAM1036A06.g#Carbohydrate metabolism|Sucrose/trehalose/sorbitol and other mono/oligosaccharides|Cell wall|sucrose-phosphate synthase#XRIEGEELALDASELVITSTRQEIDEQWGLYDGFDVKLEKVLRARARLGLAVMVVFMPRMVVIPPGMDFSNVVVPEDIDGDGDSKDDIVGLEGASPKSRPPIWAEVMRFLTNPHKPMILALSRPDPKKNITTLVKAFGECRPLRELANLTLIMGNRDDIDDMSAGNASVLTTVLKLIDKYDLYGSVAFPKHHNQADVPEIYRLAAKMKGVFINPALVEPFGLTLIEAAAHGLPIVATKNGGPVDITTALNNGLLVDPHDQNAIADALLKLVADKNLWQECRRNGLRNIHPLLMAGALPHFLTRVAGCRLRNPRWLKDTPADAGADEEEFLEDSMDAQDLSLRLSIDGEKSSLNTNDPLSLDPQDQVQKIMNKIKQSSALPPSMSSVGDGAKNAAEATGSTMNKYPLLRRRRRLFVIAVDCYQDDGRASKKMLQVIQEVFRAVRSDSQMSKISGFALSTAMPLSETLQLLQLGKIQATDFDALICGSGSEVYYPGTANCIDAEGKLRPDQDYLMHISHRWSHDGVRQTIAKLMASQDGSDDAVELDVASSNAHCFAFLIKDPKKVKTVDELRERLXMRGLRCHIMYCRNATRLQVVPLLASRSQALRYLFVRWGLSVGNMYLITGEHGDTDLEEMLSGLHKTVIVRGVTEKGSEELVRSPGSYKRDDVVPSETPLAAY$
SCJFRZ2034F07.g#Cell wall metabolism|cell wall differentiation|Cell wall|Xyloglucan endotransglycosylase/hydrolase (XTH)#MASESEVYSWEPHPLHPDGTEPLHRIAVDYCPEACLHERHAGEIHVTYDHRGGARWRSRRRFLPGSAVATTIRAPAGDTSGLNYNIYLSSLEGSKDQDEIDFEFLGHDKRAVQTNYHVGGDGGREQIHALPFDSSDGFHHYAIAWDAARIEWRVDGELVRLEERREGEPWPEKPMYLYASVWDASYIADGAWTGTYX$
SCJFRT2053H04.b#Cell wall metabolism|Polysaccharide biosynthesis|Cell wall|Cellulose synthase like (CSL)#KQQRCVVADLGWSGLVFNGAVQYDEDDFEAXIPASSSAVSARMSWTAPAKADKTKVLSLAPPNPDTTPSPTRLVRRELLAPGNRDQGFPRVSIEEGNTLPFTKSPLMLAKISSSEKNNPLYSLLLSVHLFAN$
SCCCSD2C04B03.g#Pathogen Resistance|induced by biotic and abiotic stress and hormone|Cell wall|chitinase#MAAGRGAPGYGVVTNIINGGIECGHGADPRVTDRIGFYKRYCDVFRIGYGSNLDCDGQRPFNIGVVVDELAAQ$
SCEQRT1024F11.g#Cell wall metabolism|Other glycan degradation|Cell wall|endo-1,4-beta-glucanase Glycosyl hydrolase family 9#MAAASMVFREHNPHYASLLLHHALQLFEFADKYRGKYDSSIAEVKSYYASVSGYHDELLWAALWLHRATGRGHYLDYVVDNADDFGGTGWAITEFSWDVKYAGVQILAARLLLSGEHSPRHRETLEQYRAKAEHYVCACLGKNAADGNVERSPGGMLYVRQWNNMQYVTSAAFLLSVYSGYLSSSSSSAAGAVTCAGGAAAASAGEVFALARAQVDYVLGSNPRGMSYLVGYGARFPARVHHRAASIVPYKHSKEFIGCAQGFDDWFIRKGGNPNVVVGAIVGGPDRRDRFRDQRENYMQTEACTYNTAPMVGMFAMLNRLARDEAPPQPQQHEASSASQPGETSVNR$
SCJLRT2051F02.g#Carbohydrate metabolism|Nucleotide sugar synthesis, conversion and transport|Cell wall|UDP-glucose pyrophosphorylase#MADEKLAKLREATAGLTQISDNEKSGFLSLVGRYLSGDEELIEWAKIHTPTDEVVVPYDTLESPPEDIEATKKLLDKLAVLKLNGGLGTTMGCTGPKSVIEVRNGFTFLDLIVIQIESLNKKYSSNVPLLLMNSFNTHEDTLKIVEKYANSSIDIHTFNQSQYPRVVADEFLPWPSKGKTDKDGWYPPGHGDIFPSLMNSGKLDLLLSQGKEYVFIANSDNLGAIVDMKILNHLIHKQNEYCMEVTPKTLADVKGGTLISYEGRVQLLEIAQVPDAHVNEFKSIEKFKIFNTNNLWVNLKAIKRLVEADALKMEIIPNPKEVDGVKVLQLETAAGAAIRFFD$
SCEQLB2018G06.g#Cell wall metabolism|Phenylpropanoid biosynthesis|Cell wall|caffeic acid 3-O-methyltransferase#ANGMPAFEYMGKNPQLSALYNQAMSELSLLACRKMLEGRFTAGGGFDDIHVLVDVGGGAGTALGMITSRYKHIKGINFDLPFVISQAKPIPGVQHVGGNMLDYVPSGDAVFIKSVLHLLDDDDCVKLLNNCYRSVPEKGKVIAMEVVLPATPETTQAGRFPFQFDIICLLNGLKGGRERTEQEYARLATDASFR$
SCQGRT1045C07.g#Cell wall metabolism|cell wall growth/extension|Cell wall|Expansin#MAAKLCTLLLAAVVVLSLLVSPIACSSRKLTKPKPKTKPISHRQAAPAARTIHKPAAAAPAVKVSHKPATAAKSHTNHTATPSSPSTVYGSGGWLSGAGATYYGAPNGDGGEGGACGYQTAVGKQPFDSMIAAGSAPLYRGGEGCGACYEVKCTSNAACSGQPVTIVITDLSPGGLFPGEVAHFDMSGTGMGAX$
SCEZLB1005G10.g#Cell wall metabolism|cell wall growth/extension|Cell wall|Expansin#LLCYAVLQANSVEWLDMRHVWGATWCLVRGPLVGPFSVRLTTLSARKTLTARDVIPRNWTPKATYTSRLNFQPSL$
SCCCCL5001D06.g#Cell wall metabolism|Structural proteins of the cell wall|Cell wall|putative extensin#XDAWADAWARSSLSVRNXVTRHCAAPHRTDRDRRCAGDEMRGAVFLAFLAAAAAVFGGAAAASEGRATAAVEVDPSWRFPSRRLRDAYVALQTWKRQAIFSDPYNLTADWVGPGVCNYTGVYCAPLPSGSGRDRGALAIAGVDLNHGDIAGFLPPELGLLADLALLHLNSNRFCGVLPHSLRRLRLLHELDLSNNRFVGPFPDVVLDLPALRFLDLRFNDFEGAVPPHLFDRPLDAIFLNHNRLRFQLPDNFGNSPASVVVLAHNSFGGCLPASVANMSGTLNEILLINX$
SCBFST3134D01.g#Carbohydrate metabolism|Nucleotide sugar synthesis, conversion and transport|Cell wall|UDP-D-xylose/glucose/galactose/arabinose epimerase#LIFGERRPGDAEILFSETTKAERELNWKKSYNXNMICYHDKMLYRILYDRRCLPLEQNMVLKRCVATNGTGASKNPYGYGSPDSTKQNGNQTNGSADSSKQNGHRTNGSTDSPKRNGHYANGSADSPKRNGHYVYGSSDFKQNGMATCTEQNCLTCGLPVHLLRCELLQVYRDPYRDE$
SCCCCL7001H04.g#Cell wall metabolism|Structural proteins of the cell wall|Cell wall|Fasciclin-like arabinogalactan protein#MAASHHLILLVLCLTAAAASAHNITAILDGRSEYTLYNSYLSETKVCDEINSRSSVTVLVLTNGAMSSLVANLSLADIKNALRLLTLLDYFDEKKLHSIGSSSQLTTSLYQTTGQAAGDMGHVNITDLRGGKVAFASAAPGAKFQSTYTKRVADFPSNLSVLEVSDPITFPGLFGAPSASSANLTDLLEKAGCKQFARLIVSSGVVKTYQAAMDKALTLFAPNDDAFKAKDLPDLSKLTSADLVALLQYHALPQYAPKAS$
SCJFHR1C03E12.b#Carbohydrate metabolism|several pathways (several putative substrates)|Cell wall|Glycosyl hydrolase family 1#LLLRYKVDFIGLNHYTAIYAKDCIHSPCNLQTYEGNAFVLATGERDGVKIGRDTALAGFYDVPEAIEPAIMYVNGRYKDTPVYITENGFSQWSDANREELINDVARKNYLQGYVTCLSKAVRNGANVRGYFVWTLLDNFEWTFGYTMRFGLYHVDFDTQERTPRMSARWYXGLPRRRHQLGDPRSAGTESRLVIDAFHGSSDRMRC$
SCEQRT1031B01.g#Carbohydrate metabolism|several pathways (several putative substrates)|Cell wall|glucosyltransferase#LVKGSQMESVAVVTVPFPAQGHLNQLLHLXAELASRGMPVHYAAPAAQVRQARARVHGWDEATLRSVEFHELGISEHVSPPPDPTAPSPFPTHLMPLFEAYTAGARAPLAALLAGLSASHRRVVVVHDRINVYAGEEAARLPNGEAFGLHCLAASTLAGRTDAGLRLLRDRGLAFLDVAHFASREFAEYVAKRAMPTKEISPGAGILVNSCRTLEGEFIDVVGGDLAADGKKYFAIGPLNPLLHLGADAQKQSKPRHECLDWLDKQPPDSVLYVSFGTTSSLRTEQIAELAAALRDSDQRFIWVLRDADRGNESADDDESQNRHAELLSKFTNQTEGRGRVITGWAPQLEILAHGATAAFMSHCGWNSTMESLSNGKPILAWPMHSDQPWDAELVCKYLNAGILVRPWEKHGEVIPAEAIRQVIEDAMLSDQGVAVRQRAKVLGEAVRACLADGGSSRKDLDDFIAHITK$
SCSGHR1070A02.g#Carbohydrate metabolism|several pathways (several putative substrates)|Cell wall|glucosyltransferase like protein#MRSGAPGRCKRGRPEPSSGLPPRRILEFKRMGSLEARYRPAGAAEDTAKRRTQKSKSFKEVEKFDVFVLEXKFRLQIPIIATFALRYHVCCISNTPIHTICXMNISCSQALGLSMGGYGIREVLIPDMYLLPPFNGRMYIKVFNIXNVGEQKLSVGLLN$
SCRFST1045G02.g#Cell wall metabolism|Polysaccharide biosynthesis|Cell wall|1,3-beta-glucan synthase (putative callose synthase)#XENEDGISILFYLQKIYPDEWANFLERIGRGESSEDDFKDSPSDTLELRFWVSYRGQTLARTVRGMMYYRRALMLQSYLEKRYLGGIEDGNSAAEYIDTQGYELSPDARAQADIKFTYVVSCQIYGQQKQMKKQEAADIALLLQRNEALRVAFIHEEENISRDGTKEYYSKLVKADVHGKDQEIYCIKLPGNPKLGEGKPENQNHAIIFTRGDAVQTIDMNQDNYLEEAMKMRNLLEEFRDVHGNHGIRKPTILGVREHVFTGSVSSLASFMSKQETSFVTLGQRVLAYLKVRMHYGHPDVFDRIFHITRGGISKASRVINISEDIYAGRPFRIILLLESISYGEKVSNAKTFLEKRYTEDMELDDAIHTAILT$
SCCCLB1004G04.g#Cell wall metabolism|Polysaccharide biosynthesis|Cell wall|Cellulose synthase like (CSL) putative mannan synthase#RESRKGYKAGALKKGMGHSYAQECDFGAIFDADFQPEPDFLLRTIPFLVHNPKIALVQTLGSLDVPDLAFAGQFCSELQYLPTDKDTEDVTRLSFQGRAGIRLIYACFFGFNGTAGVWRVSAIREAGGWKDRTTVEDMDLAVRASLKGWQFLYVGGVLSVTMRVIRCRARSRALLPVHLPPGLRFPRAGVWLRRHRDTLFLSIGHRPLHKPIAVAAFFPGLAPVTRKKINSFCKWNRINAATRIPHFI$
SCJFLR1017B11.g#Cell wall metabolism|Phenylpropanoid biosynthesis|Cell wall|phenylalanine ammonia-lyase?(PAL)#MAGNGAIVESDPLNWGAAAAELAGSHLDEVKRMVAQARQPVVKIEGSTLRVGQVAAVAAAKDASGVAVELDEEARPRVKASSEWILDCIAHGGDIYGVTTGFGGTSHRRTKDGPALQVELLRHLNAGIFGTGSDGHTLPSEVVRAAMLVRINTLLQGYSGIRFEILEAITKLLNTGVSPCLPLRGTITASGDLVPLSYIAGLITGRPNAQATTIDGRKVDAAEAFKIAGIEGGFFKLNPKEGLAIVNGTSVGSALAATVMYDANVLAVLSEVLSAVFCEVMNGKPEYTDHLTHKLKHHPGSIEAAAIMEHILDGSAFMKHAKKVNELDPLLKPKQDRYALRTSPQWLGPQIEVIRAATKSIEREVNSVNDNPVIDVHRGKALHGGNFQGTPIGVSMDNARLAIGNIGKLMFAQFSELVNEFYNNGLTFNLAAGXNPSLDYRLRARRIAMASYWSEL$
SCCCLR1C05D06.g#Cell wall metabolism|cell wall differentiation|Cell wall|glycosyltransferase family 47#XLFQGPYTTKLHDELWKNTIKALCNADLSEGIFIRGKDVSLPETFLRSPRRPLRDIGGRPAAQRTILAFFAGQMHGRVRPVLLKYWGDKDSDMRIYSRLPHRITRKRNYVQHMKSSKYCICPMGYEVNSPRIVEAIYYECVPVIIADNFVLPFDAALNWSAFSVVVPESDVPKLKEILLAIPESRYITLHSNVKRVQKHFLWHPNPVKYDIFHMILHSVWFSREIRSVRAAPVIHMPELHIGVLCRPIFGVLCLKEAAHVVGFGLXSGRSSCSLLKVLNGDIDLTVEXDSPWIKYSLYRSRLRICEFSLLVIFLVDXFGVSVDKXLLKRCDDVLFCKIVIFVTPFHLGTGKDLETLY$
SCVPHR1092E09.g#Cell wall metabolism|cell wall differentiation|Cell wall|Mannan endo-1,4-beta-mannosidase#XNTLQAWIEEMASYVKSIDPVHLLEIGVEGFYGPSTPELLHVNPDAYSGTVGTDFIRNHRALGIDLASVHIYSDNWLPHSEEDSHLQFVKTWMQQHIDDAANLLGMPILIGEFGVSLKRGKFGHKFREAFMETVYSTFLSSWKSGVIGGGCLVWQLFPESTEHMDDGYAVFFAKSPSILKLLXRSFEESRILKMCCLSTLRVYNTVHALSFCKPKNMSQKVEVESLVVNCKARVSMTIICTGLWI$
SCCCLR2C01A03.g#Cell wall metabolism|cell wall differentiation|Cell wall|glycosyltransferase family 47#XNIAGDTPSSNRLFDAIVSHCVPVIISDNIELPYEDVLDYSKFSIFVRSSDAVKKGYLMRLLSGVSKQQWTKMWNRLKEVDNHFEYQYPSQKDDAVQMIWQALSRKVPTIKLKVHRSSRFSRSDRGK$
SCAGFL3024D05.g#Carbohydrate metabolism|several pathways (several putative substrates)|Cell wall|glucosyltransferase#XKPVMYISLGTLAAIPEAQLKEVADGLDRAGVNFLWAVRPHNADLGPAYEERVAGRGKVVREWVDQRQVLRHPCVRGFLSHCGWNSVLESVGAGVPLVAWPCEFDQPMNAKFVVDELRIGVRVHASDGAIGGFVKSAEITETVNELMFGEAAMAMALRVTEIAAQAQLAVCNGGSSWKAVEEMISELCXGEANGGLTCASIRRLAKCHDEXHGIPFVRNKLKKLAVGSLLCYFGSEPLLLLLFYYQQHIHCGRVVSEENRQDRYVLSIHNNGPTLLLLLAYVPFTNSSENLSFYTSGFHFHGIETR$
SCRFLR1012F12.g#Cell wall metabolism|Phenylpropanoid biosynthesis|Cell wall|caffeic acid 3-O-methyltransferase#MGSTAEDVAAVADEEACMYAMQLASASILPMTLKNALELGLLEVLQAEAPAGKALAPEEVVARLPVAPTNPDAADMVDRMLRLLASYDVVKCQMEDKDGKYERRYSAAPVGKWLTPNEDGVSMAALTLMNQDKVLMESWYYLKDAVLDGGIPFNKAYGMTAFEYHGTDPRFNRVFNEGMKNHSVIITKKLLEFYTGFEGVSTLVDVGGGIGATLHAITSHHPQIKGINFDLPHVISEAPPFPGVQHVGGDMFKSVPAGDAILMKWILHDWSDAHCATLLKNCYDALPENGKVIVVECVLPVNTEAVPKAQGVFHVDMIMLAHNPGGRERYEREFHDLAKGAGFSGFKATYIYANAWAIEFIK$
SCUTAM2009E08.g#Cell wall metabolism|Other glycan degradation|Cell wall|beta-1,3-glucanase Glycosyl hydrolases family 17#MRKLFFVSFVFLLAAAAVHGEDGAYIGVNIGTAMSSVPAPTQITTLLRSQNIRHVRLYDADPAMLVALSNTGIRVIVSVPNEQLLAIGNSNATAANWVARNVAAHFPAVNITAIAV$
SCQGHR1010G04.g#Cell wall metabolism|cell wall growth/extension|Cell wall|Expansin#XMLHCRVPCEFPGLKIGFHVEEYSNPVYFAVLVEYEDGDGDVVQVDLMESKTAHGPPTGRWTPMRESWGSIWRMDTNHRMQAPFSIRIRNESGKTLVAHNVIPANWRPNTFYRSFVQYQ$
SCRUSB1078C09.b#Cell wall metabolism|cell wall differentiation|Cell wall|glycosyltransferase family 47#XSAVRVTDSRDADLVFVPFFASLSYNRHSRPVPPEKVSRDRALQEKLVAYLTARPEWRRFGGADHVIVAHHPNSLLHARVALSPAVFVLSDFGRYPPRVASLEKDVIAPYKHMAKTFVNDSAGFDDRPTLLYFRGAIYRKEGGSIRQELYYMLKE$
SCCCCL3080E10.b#Cell wall metabolism|Other glycan degradation|Cell wall|Glycoside hydrolase family 28 protein (polygalacturonase)#XNGTIDGQGAVWWDWFHNHTLNYTRPPLVELMYSTRVVISNLTFVDSPFWNIHPVYCRFLLSIPLVIYTEAPFQSQGLFYHLECFSQMNSQVLVQHLTILAPISSPNTDGIDPDSSTNVCIEDCYIRNGDDIVVIKSGWDEYGISFAHPSSNISIRNITGQTRNSAGLAFGSEMSGGISDVRAEGIRIVNSVHGIRIKTAPGRGGYVKNVYVADVSFDNVSIAIRITGNYGDHPDDSYNKSALPTISNITIKDVVGVNIGVAGMLQGIPGDNFSNICLSNVSLSVRSTDPWNCSLVEGFSNSVSPEICEQLRITPGPGQICYGGNYPAAAAQPQPPQKSSASRLVNPLILKVGFYVGSLEYIYLIIFSPVPCSLVIVIVILWKSVSCTLVVPKPLCWGHVGTGYYSEME$
SCUTST3084C11.g#Redox Metabolism|Multicopper oxidase|Cell wall|laccase-like protein#PFHTDIVLITPGQTTNVLLRAEPDAGCPAATHLMQARPYGTGQPGTFDNTTVAAVLEYAPAAGHIKSLPLFRPWLPALNDTAFAANYTARLRSLATPEYPASVPRGVDRSFFFAVGLGTNPCPANQTCQGPTNRTMFTASMNNVSFTMPTTALLQAHYDNIAGVYTTDFPVAPREPFNYTGTTPNNTNVSSGTKVVVLEYNTSVEVVLQGTSILGAESHPLHLHGFDFFVVGQGFGNYDSSKDPANFNLVDPVQRNTVGVPSAGWVAIRFFADNPGVWFMHCHLEVHTSWGLKMAWVVNDGPLPEQKLMPPPPDLPKC$
SCBFRZ2017F10.g#Carbohydrate metabolism|.|Cell wall|Glycosyl transferase family 8 (cell wall metabolism, starch metabolism or  lipopolysaccharide biosynthesis)#XEHAKDSITWQTLYPEWIDEEEETEIPSCPSLPEPNVRRGVRFDVIAVKLPCTRVAGWSRDVARLHLQLSAAKLAVTSSKRNHKVHVLFVTDCFPIPNLFPCKNLVRHEGNAWLYSPDSKALREKLRLPVGSCELAVPLKAKSRLFSVDPRREAYATILHSASEYVCGAITAAQSIRQAGSTRDLVILVDETISDHHRRGLEAAGWKVRIIQRIRNPKAERDAYNEWNYSKFRLWQLTDYDKIIFIDADLLILRNVDFLFAMPEITATGNNATLFNSGVMVIEPSNCTFQLLMDHINEITSYNGGDQGYLNEIFTWWHRIPKHMNFLKHFWEGDSQAMKAKKTQLFGADPPILYVLHYLGLKPWLCFKDYDCNWNNAGMREFASDVAHARWWKVHDKMPRKLQSYCLLRSRQKASLEWDRRQAEKANSEDGHWRSNITDTRLKTCFEKFCFWESMLWHWGENNNRTKSIPMAVTTASLARS$
SCJFRT1061B07.g#Cell wall metabolism|Phenylpropanoid biosynthesis|Cell wall|caffeic acid 3-O-methyltransferase#XADMVDRMLRLLASYDVVKCQMEDKDGKYERRYSAAPVGKWLTPNEDGVSMAALTLMNQDKVLMESWSAPDAESTSSGIDMARRPRLPLRNGGGRGRRGQSQPSAVGDAVSDPTTGNDGPFEDELEEVEDDDDLRQDAAALFGVDAGDGPLPPIDVDALDGDGGGGTATHTGSTSTATHGTSTGGRILEDRRRRLLPENVEMLTCIKDWELGATREQHATEDTELEEAFEKLYLDEEGNGGSGSGAAADASGTSACEYVTCDL$
SCUTLR1058D04.g#Cell wall metabolism|cell wall differentiation|Cell wall|Xyloglucan endotransglycosylase/hydrolase (XTH)#MASRRVSVLLSVLLAYSAAVAVAAAANFNQEFDITWGDGRGKILDNGQLLTLTLDRTSGSGFQSRHEYLFGKIDMQLKLVPGNSAGTVTAYYLSSQGSTHDEIDFEFLGNVSGEPYTLHTNVFTQGQGQREQQFRLWFDPTKDFHTYSILWNPKHVIFMVDDMPIRDFRNLESKGVAFPKNQPMRLYSSLWNADDWATQGGRVKTDWSHAPFSGFYRG$
SCRFLR2038F06.g#Carbohydrate metabolism|several pathways (several putative substrates)|Cell wall|Galactosyltransferase#LAMNVKHEDNRAMCDSICTPTSIAVWDSKKCSGTCNIADKIKQLHNTTVCSKSPTLPPEVEEEEXETKTVLALKRVXDGDTPISALVLSAAFSYCCIISDLSTSALEXYLENRHRHITRKYFESIPRLTNINSKRPT$
SCEQLB1066E08.g#Carbohydrate metabolism|several pathways (several putative substrates)|Cell wall|Glycosyl hydrolase family 1#GPCIWDPFVHTPGKIAEDGNADVATDEYHRYKEDVDLMKSLNFDAYRFSISWSRIFPDGEGKVNEEGVQYYNNLIDYMIKQGLTPYANLNHYDLPLALQKKYQGWLGPKIVDIFLTMPNFVSRVLAIESRTGSXLNEPRIVSFLGYDKGINPPNRCTQCTAGGNSSTEPYIVVHNILLSHATAVARYRNKYQATQKGKVGIVLDFNWYEPLTNSTEDQAAAQRARDFHIGWFLDPLINGQYPKIMQDIVKDRLPSFTPEQAKLVKGSSDYFGINQYTTYYISNEQTTQQGPPSYSSDWGVQYNFERNGVQIGQLAHSVWLYIVPSGMYGVVNYLKEKYQNPTIIISENGMDQPGNLTREEYLHDTIRIDFYKNYLTELKKGIDDGANVVGYFAWSLLDNFEWLSGYTSKFGIVYVDFTTLKRYPKDSAYWFKDXALRDGLEGCHPADRLRHPPGWFAVSHLEW$
SCQSLB1052E07.g#Cell wall metabolism|Other glycan degradation|Cell wall|pectinesterase family protein#AQDTLYDHLGRHYYRDCYIEGSVDFIFGNALSLYEGCHVHAIARNYGALTAQNRQSLLEDTGFSFVKCRVTGSGALYLGRAWGTFSRVVFAYTYMDNIIIPRGWYNWGDPTREMTVFYGQYKCTGPGANYAGRVEWSRELTDEEAKPFISLDFIDGFEWLRLXALARGPAQELIVDTP$
SCJFRZ3C05E03.b#Cell wall metabolism|Phenylpropanoid biosynthesis|Cell wall|isoflavone reductase/pinoresinol reductase (lignan biosynthesis)#XIATYTLLAADDPRAENKTLYIKPHANALSHNELLSLWEKKTGKTFQREYVPEEAVLKQIQESPIPLNIILAIGHAAYVLGEHGFEIDPAKGVDATELYPEVKYTTVDEYLNRFL$
SCJFRT1060D04.g#Carbohydrate metabolism|.|Cell wall|Glycosyl transferase family 8 (cell wall metabolism, starch metabolism or  lipopolysaccharide biosynthesis)#SPKDPDEHQVDKAAKVARRKLREKRREKRAMDLVHKDDEARVKLENAAIERSKAVDSAVLGKYSIWRKENENENSDSTVRLMRDQVIMARVYSALAKSKDKSDLYQKLQTRIKESQRTVGEASADADLHHSAPEKIRAMGQVLSKAREELYDCMAITQRLRAMLQSADEQVRSLKKQSTFLSQLAAKTIPNSIHCLSMRLTIDYYLLPLEERKFPRSENLENPNLYHYALFSDNVLAASVVVNSTIMNAKEPEKHVFHLVTDKLNFGAMNMWFLLNPPGKATIHVENVDEFKWLNSSYCPVLRQLESAAMKEYYFKADRPTTLSAGSSNLKYRNPKYLSMLNHLRFYLPEVYPKLDKILFLDDDIVVQKDLTGLWDIDLNGKVNGAVETCGESFHRFDKYLNFSNPHIARNFDPNACGWAYGMNIFDLREWKKKDITGIYHKWQTMNEDRVLWKLGTLPPGLLTFYKLTHPLDKSWHVLGLGYNPSIDRSEIDSAAVVHYNGNMKPWLELAMTKYRPYWTKYIKYDHPYIRGCNLSXVDSRAETXQMRKSRLDKSVPLPEALDCFPGPSPFLSPENSLVDVLTSFFFIIAMRFLSIISNCNYILPSKFAGEKLLKCAYAAGVACCLELRLEXLSVAGIGLSSVSDDIKXGVQAKAKGMNQMDYRVNPDPDQCKTISSTVSRNVGIHLMX$
SCSGFL1081C10.b#Carbohydrate metabolism|Sucrose/trehalose/sorbitol and other mono/oligosaccharides|Cell wall|cell wall invertase#MLHAFSRGTLTVVVPLLKAYMXSGVVDERHRIDPSHDADPAASTKALHRRAIDQSSQRYCLFLLQV$
SCCCRZ1002G07.g#Carbohydrate metabolism|Sucrose/trehalose/sorbitol and other mono/oligosaccharides|Cell wall|sucrose synthase#MGEAAGDRVLSRLHSVRERIGDSLSAHPNELVAVFTRLKNLGKGMLQPHQIIAEYNSAIPEAEREKLKDGAFEDVLRAAQEAIVIPPWVALAIRPRPGVWEYVRVNVSELAVEELRVPEYLQFKEQLVEEGPNNNFVLELDFEPFNASFPRPSLSKSIGNGVQFLNRHLSSKLFHDKESMYPLLNFLRAHNYKGMTMMLNDRIRSLSALQGALRKAEEHLSTLQADTPYSEFHHRFQELGLEKGWGDCAKRAQETIHLLLDLLEAPDPSTLEKFLGTIPMVFNVVILSPHGYFAQANVLGYPDTGGQVVYILDQVRAMENEMLLRIKQCGLDITPKILIVTRLLPDATGTTCGQRLEKVLGTEHCHILRVPFRTENGIVRKWISRFEVWPYLETYTDDVAHEIAGELQANPDLIIGNYSDGNLVACLLAHKMGVTHCTIAHALEKTKYPNSDLYWKKFEDHYHFSCQFTTDLIAMNHADFIITSTFQEIAGNKDTVGQYESHMAFTMPGLYRVVHGIDVFDPKFNIVSPGADLSIYFPYTESHKRLTSLHPEIEELLYSQTDNTEHKFVLNDRNKPIIFSMARLDRVKNLTGLVELYGRNKRLQELVNLVVVCGDHGNPSKDKEEQAEFKKMFDLIEQYNLNGHIRWISAQMNRVRNGELYRYICDTKGAFVQPAFYEAFGLTVVEAMTCGLPTFATAYGGPAEIIVHGVSGFHIDPYQGDKASALLVDFFEKCQTDSSHWNKISQGGLQRIEEKYTWKLYSERLMTLTGVYGFWKYVSNLERRETRRYLEMLYALKYRTMASTVPLAVEGEPSSK$
SCRLAM1010G07.g#Pathogen Resistance|induced by biotic and abiotic stress and hormone|Cell wall|chitinase#MPMPMVMTTRALAVVAMLATAFAVSAFAEQCGSQAGGALCPNCLCCSKWGWCGTTADYCGDGCQSQCSGSCGGPPP$
SCQGSB1143D03.g#Carbohydrate metabolism|Sucrose/trehalose/sorbitol and other mono/oligosaccharides|Cell wall|sucrose synthase#AQPAFYEAFGLTVVEAMTCGLPTFATAYGGPAEIIVHGVSGFHIDPYQGDKASALLVDFFEKCQTDSSHWNKISQGGLQRIEEKYACSLHXNTVDGNRFDHVLTLACDVFDXRYTWKLYSERLMTLTGVYGFWKYVSNLERRETRRYLEMLYALKYRTMASTVPLAVEESPPASDPAAAGDLMSEREHLESSLHSLPRFAAKNEPGHHPRRRAGVLDLPFQHRYYLVKVXGPSSIQQPDLAVRSESVQAGITRADDRDXFDSGGERASVKLASLPIRXGRSSLNKDHCRPGPDFAAWSFNVSTSVGIIMVNKSFNGLRMDFTFCHTFNRAFFLRXTNLDDHRILVVKPEPPLSITQYRSNXKFVIISNLAIAGIKGNFMWNSVGFYHIAKLSMNPRSCLL$
SCBGFL3095B05.g#Carbohydrate metabolism|Nucleotide sugar synthesis, conversion and transport|Cell wall|UDP-D-xylose/glucose/galactose/arabinose epimerase#MFPLDRLSTWLTRYLSFKSLKAACEPIXPAPPVTKTWVPPGSWRENTLLPPKPEDCFRTNIQSVXEDKGCNDFPNIGGFRLASKYSIPALGRLALRFKGIMKEFCSLDEAADGRTPTRHRQRDFPVKRSTGGCSSQVKTWRRAAALAYSSPKETNERDGGGTDEQEKEKGTSVRAPPGRLDSEKCGGVPATKIRGCSEEKREMGGAEHRREAPRRLEWRSFGGLGTGPLAGDAALQRGRELRRGKERGARGGGSLRDGX$
SCEZAM2096D06.g#Cell wall metabolism|Polysaccharide biosynthesis|Cell wall|Cellulose synthase (CesA)#XYGSITEDILTGFKMHCHGWRSIYCIPKRPAFKGSAPLNLSDRLHQVLRWALGSVEIFFSKHCPLWYGYGGGLKFLERFSYINSIVYPWTSIPLLAYCTLPAICLLTGKFITPEEIYIVLKNKGRKKSGFILESYHQFCFKLQLTNVASIWFMALFICIAVTGILEMRWSGAAIDDWWRNEQFWVIGGVSAHLFAVFKGLLKVLAGIDT$
SCCCLB2007D02.g#Cell wall metabolism|Other glycan degradation|Cell wall|pectinesterase family protein#HQKHGEFSARRQRFPPPPNLVPVLGKVSSYXRKXVKQYSRTVFVQTKMKALVHPRGWLEWNSTFALDTLYYAEYMNRGSGANTSARVAWPGYHVLTNATDAANFTVLDFIQGDLWLNSTSFPYALGFT$
SCAGCL6012G12.g#Cell wall metabolism|Phenylpropanoid biosynthesis|Cell wall|caffeoyl-CoA 3-O-methyltransferase#XINRENYELALPCIEKAGVANKIDFREGPALPVLDDLIADEKNHGSFDFVFVDADKDNYLNYHERLLKLVKLGGLIGYDNTLWNGSVVLPDDAPMRKYIRFYRDFVLVLNKALAADERVEICQLPVGDGVTLCRRVK$
