SCCCLR1069B09.g:caffeoyl 3-o-methyltransferase:MANXKYLIHKEFQASVHYILHNSGHTLNYNIVQTNIXRGFVGGNTNRXGNPTHASAHASAHASAHASGNTRVADAPDLREAGTRLFYCTPAMATTATEAAKAAPAEQANGEQKTRHSEVGHKSLLKSDDLYQYILDTSVYPREPESMKELREITAKHPWNLMTTSADEGQFLNMLIKLIGAKKTMEIGVYTGYSLLATALALPEDGTILAMDINRENYELGLPCIEKAGVAHKIDFREGPALPVLDDLIADEKNHGSFDFVFVDADKDNYLNYHERLLKLVKLGGLIGYDNTLWNGSVVLPDDAPMRKYIRFYRDFVLVLNKALAADERVEICQLPVGDGVTLCRRVK,
SCQSRT2033G03.g:polygalacturonase-like:MASRTNKPPQLXVVAVTPHAALLVRRPRGCCGKGTASTSSVSSISSSADGAAATGRRSLVAAASQSVFSLDRYGARGDGSHDDTQALAQAWNAACTSPRPAVLLVPRGKRYLLKLVTLHGPCKSSVTVTVKGTLVASPNRSDWSDEDRRHWIVFRQVDRLTVNGGGAVDGNGETGGRTRARSTRLSVAG,
SCRLFL4027H12.g:alpha-mannosidase 2x:XNLALFQHHDGVTGTAKDHVVVDYGTRMHTSLQDLQLFMSRAVEVLLGDFHDRSDPTLLSHFEPVQERSKYDVQPVHRVLHPHEGKAQSVVFFNPLEQTRDEVVMVVVSTPDVSVLNSNGSCLPSQVSPEWQFVSDEKISTGRHRLYWRASVPPLGLETYYVVTGQDCEKAIPAVVKTYQEFPCPEPYHCSKLEGKSVEMKNPITLFLSI,
SCRLAD1041D10.g:polygalacturonase precursor:XHASADAWASPPAAVSSQGTIFNVVDFGAKGDGVTDDTQAFQAAWAAACKVEASTVLVPSEHEFVVGPVSFSGPYCKPNILFQLDGTILAQTSARVWGSGLLQWLEFTKLTGIAIQGSGVINGRGQEWWTYSDPNDDDNDDAYYVELDKMPQIKPTALRFYGSSNVTVTGITIVNSSQCHLKFDSCX,
SCBFLR1046E10.g:xyloglucan endotransglucosylase hydrolase protein 23:MAVAAANFNQEFDITWGDGRGKILDNGQLLTLTLDRTSGSGFQSRHEYLFGKIDMQLKLVPGNSAGTVTAYYLSSQGSTHDEIDFEFLGNVSGEPYTLHTNVFTQGQGQREQQFRLWFDPTKDFHTYSILWNPKHVIFMVDDMPIRDFRNLESKGVAFPKNQPMRLYSSLWNADDWATQGGRVKTDWSHARFSASTG,
SCJFRT1059F05.g:pectinesterase 31:MAQQQQEVRRVLKVAPPGKGDGESFPTVQEAVDAVPLGNRARVVIRLAPGVYREPVHVAKTKNFITIAGASPEATVVSWDNTATRIKHSQSSRVIGTGTFGCGTFIVEGEDFIAENITFENSAPQGSGQAVAVRVTQIGALSTTAGSLVGKTHYTYTTENST,
SCSBSB1095F10.g:probable mannose-1-phosphate guanylyltransferase 1:MKALILVGGFGTRLRPLTLSVPKPLVDFGNKPMILHQIEALKEVGVTEVVLAINYQPEVMLNFLKDFESKLGIKITCSQETEPLGTAGPLALARDKLVDGSGDPFFVLNSDVISEYPFAELIEFHRAHGGEATIMVTKVDEPSKYGVVVMEEGTGKVERFVEX,
SCBFRT1068E05.g:xyloglucan endotransglycosylase hydrolase protein 8:XPLSKRITKELSSKAARMAPRSLAVLAVALALLQAASAKSWLGAKFTTDGTVREGYDASGQKVVMLSLDQHSGAAGFNSKEQFLYGEFSIEMKLIRGNSAGTVSCFYLSSGDGDGHDEIDMEFMGNSSGQPVVLNTNVWANGDGKKEHQFDLWFDPSADYHTYTIIWNPENVLFKVDNLFIRSFKRYADLPYPSSKPMTLHATLWDGSYWATEKGKVPIDWSSAP,
SCCCST3083F02.g:dimboa udp-glucosyltransferase bx8-like:MAAVHGGRRRHVLQFPLPYQGHINPMFRLSGLLHARGFAVTVFHTQFNAPDPARHPDYRFVPVPDGSPVPVAMKDVSAQIMELGVACEAGFRDRLASVLEEYSRDAIACLVADTHLLPIFEVAARLSVPTLALRTGSAACCACFLAYPMLFDKGYLPVQGIVYSPVPSIYVSGXTFHFEEHTLDAFLDQRAPRLSMDAESQRDMPVLEVPPYRVRDLPVMDEDGGGLVREVISRVTTAVKISSGLILNMFDAX,
SCEQRT2028C09.g:dirigent protein 21-like:MKHGNGMLLQLALLISLSLAGVVVGGSAPTSTHLRFYMHDLVTPYPGAPATAVRVARGVTPLPTAPNLRFGDVFVIDDLLTEGPDAASRALGRAQGSYVFASQTELAPLLCVNMVLTAGPHNGSTVAVLGRDLILDKVDVRELPVVGGTSTLRGVTGYGEFRTHTLNATDG,
SCSGFL1080A06.g:gdp-mannose dehydratase 1-like:XAILFLASQMAHSNGAPATATAAGDGETAPVPRSLAPARKVALITGITGQDGSYLTELLLSKGYEVHGLIRRSSNFNTQRLDHIYHDPHAVPSSPRPPMRLHYADLSDSSSLRRALDAISPDEVYNLAAQSHVAVSFEVPDYTADVTATGALRLLEAVRLSRKPIRYYQAGSSEMFGSTPPPQSEDTPFHPRSPYAAAKVAAHWYTVNX,
SCRLLR1059E04.g:glucan endo- -beta-glucosidase 14:MAVAERFGTRWPPSREFFVVVVLLVLLTDGGVAWRRGAEALSIGINYGQIGDNLPSPSRVSYLLRSMQVSKVKLYDADPYVLSAFLDTDVEFVVGIGNENVSAMAADPAAARAWVQRHVQPYLLTGTRRITCITVGNEVLKGNDTALKASLLPAMQSVYGALAALGLQGRVNVTTAHSLDIMGTSYPPSAGAFAPDAVPYVQPLLGFLSMARSPFLINCYPYFAYKADPGNVPLEYVLFQPNAGVTDANTRLNYDNMLYAQVD,
SCJLRT1020C03.g:lysosomal alpha-mannosidase-like:XVVQLSQCPLLNISYCPSTEEAISATKRLVVVAYNPLGWERSDFIRVPVNDQNLVVKSFDGNIVESQLVEVDNVTSNIRKFYVKAYLGITTGKAPKYWLTFQASAPPMGWNSYFISKSTRAGYNSTEHVSTMVSPSNSTIEVGPGHLKMSFSSASGQLERIINSASGVDLPVQQSFLWYRSSKGDALDPQASGAYIFRPDGNTPTIVSSSVTLKIIRGPLFDEVHQQFSSWIYQITRLY,
SCJFRT2060A09.g:crocetin glucosyltransferase 2-like:KTVGPTVPSAYLDNTLPEDTSYGFHLYTPRTATTKAWLDSMPPRSVVYASFGSIAAPTAVQMAEVAEGLYNSGKPFLWIVRASETCKIPDKFCDKAKERGLVVTWSPQLEVLAHPAVGCFMTHCGWNSTTEGLSAGVPMVAMPQWSDQPVNAKYIEDVWRVGVRVRPDKDGVVRKEEVKDVXREVMDGDRSMEYQQNAAEWKEKARKAMSEGGSSDNNIIEFLGKLGLKV,
SCCCST3006B11.g:udp-glucuronate:xylan alpha-glucuronosyltransferase 2-like isoform x2:XIQEVLNASSWSDGRPRREAYATVLHSSDTYLCGAIVLAQSIRRSGSTRDLVLLHDHTVSKPALRALTAAGWTPRRIKRIRNPRAARGTYNEYNYSKFRLWQLSDYDRVVFVDADILVLRNLDALFAFPQLTAVGNDGSLFNSGVMVIEPSACTFDALIRDRRTIRSYNGGDQGFLNEVFVWWHRLPRRVNYLKNFWANTTGERALKERMFRADPAEVWSIHYLGMKPWTCYRDYDCNWNVADQRVYASDEAHKRWWQVYDQMGETMRGPCRLSER,
SCQGHR1010E03.g:xyloglucan galactosyltransferase katamari1 homolog:ERLKSIHPDVVKQMREEVINLIPKVIYADPRSKLETLKDAFDFSVEAIINKVTKLRRDIIAGQEDKDFIEENSWKYSLLEDGQRTIGPHEWDPFFSKPKDKGGDSSGSSAEAAKNSWRSELRGHXLNHEFLIFXDEIKGAELAMLSEDAXDAYTLRIGQDPIVMVIMNIIDDLVTLQLYEAIPPKMLWGNLEHSLCVSTPYKYHFPX,
SCQSRT1035F05.g:anthocyanidin 3-o-glucosyltransferase:XRGWVPQARFLGHESIGGFLTHAGWNSIIEGLARGVRLVLLPLMFDQGLNARHLTEKKISVEVPRDEEDGSFTPKDIAAALRRVVVEEECEVFGDKAKKLAKLFGNDEMNDQGGGNFFKGLSLSENPRQGQSVVGX,
SCCCRZ1001B12.g:probable rhamnose biosynthetic enzyme 1:MATYEPKNILITGAAGFIASHVANRLVRNYPQYKIVVLDKIDYCSNLKNLNPSRSSPNFKFVKGDIASADLVNYLLITESIDTIMHFAAQTHVDNSFGNSFEFTKNNIYGTHVLLEACKVTGQIRRFIHVSTDEVYGETDEDAVVGNHEASQLLPTNPYSATKAGAEMLVMAYGRSYGLPVITTRGNNVYGPNQFPEKLIPKFILLAMKCLPLPIHGDGSNVRSYLYCEDVAEAFEVILHKGEVGHVYNIGTVKERRVIDVAKDICKLFGLDTEKVIRFVENRPFNDQRYFLDDQKLKRLGWAERTPWEEGLKKTMEWYTTNPDYWGDVTGALLPHPRMLMTPGVERHNWAEEIKSLASSPAEASTIAPATSTKSISDAPQKPSYRFLIYGRTGWIGGLLGKICDKQGISYEYGKGRLEERSQLLEDIRNVKPTHVFNAAGVTGRPNVDWCETHKQDTIRTNVVGTLNLADVCREQGLLMINYATGCIFEYDAKHPEGSGIGFKEEDTPNFTGSFYSKTKAMVEELLKEYDNVCTLRVRMPISSDLSNPRNFITKIARYDKVVNIPNSMTILDELLPISIEMAKRDCRGIWNFTNPGVVSHNEILEMYKKYINPDFKWTNFTLEEQAKVIVAPRSNNEMDASKLKAEFPQLLSIKDSLIKYVFEPNRKVPVIEDLGXRGCGGYLYWLLLDTKLANVAWWSVLVVFDSFGTIASIPFSSSLLYTPLSLNMCLENRVSLTNTLLGRHLKGNGGSSNLFVQTGTYLDVLYX,
SCBFRZ2048D07.g:probable galacturonosyltransferase 7-like:XSLFVLPEFFSSLKRVIVLEDDTIVQRDLSLLWNLDLKGKVIGAVQFCRVRFGQLKAYLRDFPYNSSSCIWMSGVTVIDLDKWREHDVTGIHHRIQNKMQHESEASWRTATLPAGLLVFQDLIHPIEGQWVQFGLGHDYGLTHGAIKKAAILHYNGNMKPWLELGIRRYRKYWKRYLPRDDPFMIDCNVNPDMATFARDVGQCSAKIARVTLLRRKFAPLRAKKEDLNLSEGSSTTEILVPQDVTELRRKFAVNLCRQAAIFADRCTGRSEKVAGL,
SCVPLB1018F02.g:glucan endo- -beta-d-glucosidase-like:PTSALSTQPSSSLLQSKSKMARGARLLLLSLGLVLLYFSSGSSVGVAAAQKTWCVAKPSASNDILSLNLNYACSQVSCAVIQKGGPCYYPDNLVSRAAVAMNLYYAANGRHPWNCYFNNSALVVQSDPSYGSCTYYXIDYIALLSDPQVACCSSYSSLGSRGRSTNGNLIPVLCCVVLCCVVLCVQSSKFRRNFGRISAKFGNFGGGRKKTPKFCNTLIHVIYNSRLVFFLFIILYILLFNRCVVINHTNIYLDLNFFRNNILHVLISKKKIGEISAEFVKFGNFGGDRNFCDNEIKILGIIKLDQVLVSCQCFQDFNLPSDILYSNGCSHLCFGREPLVEPKPLVEAPAAATALPLAAALLGDXTAVTGRVASRAPSGMCLAGDSGGKGGFRRXLSEAVSSVSKVIAALEASQIGVFHCAPTXPTPRHRNEIDRIRTLNENLTDKRN,
SCRURT2006B10.g:glucan endo- -beta-glucosidase-like:XGWPTKAEAGQVGVGPEEARDFNAGMIRVCSGGKGTPMMPGRRFETYVFSLFDENQKPGPLAERNFGIFNTDFTPKYDLGLLRQGSSGSPNPSPKPSPNPSPNPSPSGGGKWCVAKSGASATDLQNNINYACGYIDCKPIQSGGACFDPNNVQSHASYVMNAYYQANGLHDYDCDFKGTGAVTATDPSYGSCKYVSDGAQQVQAVRGQGX,
SCAGAM2016B10.g:alpha-galactosidase:MEAAARLPSPLLVVSTLFLLLLSPPRPAAAARIQPLATAALRRLYDTSNYGRLQLNNGLALTPQMGWNSWNFFACNINETVIRETADALVSTGLAALGYNFVNIDDCWSYVKRGKQDQLLPDPKTFPSGIKALADYVHG,
SCQSLR1040G04.g:fasciclin-like arabinogalactan protein 7-like:MMGSKAAILAAALLAVLFSAPALAQKSSPPAPAPVSLSPTPAPAPAPHYVDLAELLSVAGPFHTFLSYLEKTNVIETFQGQANNTKVGITIFVPKDSAFAALKKSTFSNLTSDQLKTLLLYHAFPKFYSLAEFKNLSSLNPVSTFAGPPYNLNLTDDMGSIYVQSMWSRPKIASSVYATKPVAIYALNKVLLPLQLFSKDPPLAPAPAPAPESGASDAPSPAAGKAGGLAGGKGDSTSAAHGTGAVGVASSLLLAAAGCLMILQW,
SCRUFL1120E02.b:polygalacturonase at1g48100-like:XYAASSSYFGDLXRPRSPPARHHTKHKSAHPLSAHAPGPASGRRHAPPPHARPVSPPAPPPSSSGSGGYPTPGAAAPEPAPAPAAGSVYDLVKDFGAVGDGVTDDTDAIKTAWDTACQDDGDSVVLAAAGYSFLVHSTVFTGPCQGSVTIQLDGTMVAPSDPDKWVGNKRNWLLFYQAHGMSLKAPGLIDGKGXKWWELPCKFRKAMADQVGTVHPFTAQW,
SCJFRT1008G05.g:lichenase-2 precursor:MASRQGVASMFAMALLLGVFASIPQSVEAIGVCYGMSANNLPPASTVVSMYKSNGISAMRLYAPDQAALQAVGGTGISVTVGAPNDVLSNIAGSPAAAASWVRNNIQAYPSVSFRYVCVGNEVAGGAAQNLAPAMENVHAALAAAGLGHIKVTTSVSQAILGVYSPPSAAQFTGEAQGYMGPVLEFLARTGSPLMANIYPYLAWAYNPSAMDMSYALFTSSGTVVQDGAYGYQNLFDTTVDAFYVAMGRNGGSGVPLVVSESGWPSGGGVQATPANARVYNQNLINHVGRGTPRHPGAIETYLFSMFNENQKESGVEQNWGLFYPNMQRVYPISF,
SCCCCL4006H09.g:beta-expansin 1a isoform x1:XELLLSAKVLALAPTTKQTMASFPSRSKVLALGALIFSLLVTYGSCARPPVNFTASDFTADPNWEAARATWYGAPTGAGPDDDGGACGFKNVNLPPFSAMTSCGNQPLFKDGKGCGSCYQIRCQKHPACSGNTETVIITDMNYYPVAKYHFDLSGTAFGAMAKPGRNDELRHAGIIDIQFKRVPCNYPGQKVTFHVEEGSNPVYFAVLVEFEDGDGDVVQVDLMEASSGNWTPMRESWGSIWRLDANHRLQAPFSLRITNESGRKLVANRVIPANWAANTYYRSIXSVLVLLVLRSDSXVNIGFHWNFM,
SCEZST3150E10.g:dirigent protein 21-like:MANGNRTIQILLAVLAATAITNGGAAKTTHHLQFYMHDTVTATAGSAATAERVVRGATPLPGDPINRFGDLYVIDDPLTEGPDVASSRVVGRAQGFYLFASRSGFGASLLLSANMVFTAGEHNGSAVAVLARDAILDDVRELPVVGATGGLRGAVGYGLLRTHAFNASSNNAVLKIDMYLRV,
SCVPST1061C06.g:sucrose synthase:MASRLSFKRTDSIAESMPDALRQSRYQMKKCFQRYVSKGKRLLKNQQLIEELEKSLDDKVEKEKLVEGFLGYIICSTQEAVVLPPYVAFAVRMNPGIWEYVKVHSDDLSVEGITPSEYLKFKETLYDENWAKDDNSLEVDFGALDLSTPHLTLPSSIGNGLQFVSKFMSSKLGDKPETGMKPLLDYXLSLNYRGEKLMVNDTIDXSEQALAALLLAEVFVSGLPRYTPFLKFEQRFQEWGLEKGWGENAERCKETLNCLSEVLQAPDPINMEKFFSRVPSTFNIVIFSIHGYFGQEKVLGLPDTGGQVVYILDQVRALEEELLQRIKLQGLNVTPKILVLTRLIPDAKGTKCNVELEPVENTKHSHILRVPFKTEDGKELRQWVSRFDIYPYLERYAQDSVPKFLTFWX,
SCVPRZ2037A02.g:beta-galactosidase 5-like:HKDHVLQSHKDQPHTDLFLSGIMCQGPXLQPTRNLLVVFEELGGDSSKIALVKRSVSSVCADVSEDHPNIKNWQIESYGEREYHRAKVHLRCAPGQSISAIKFASFGTPMGTCGNFEQGDCHSANSHTVLEKKCIGLQRCVVAISPESFGGDPCPSVTKRVAVEADVLPPFSPTSPSNEFEGVDKKGLAENQCEESGTVSIDLSRCGWLERLGLELSIVVVRFQIRIVTLLHLHELFKAASWIIVAGPGMECREKRSEGRKTDYAFFCFVSVAVIRAISSFLKRRKMQVKCCIEPFCSTASGKGEEPCNCGKGKKEQALELSVTEVQI,
SCJFAD1C12B09.b:beta-galactosidase 7 isoform x2:MLGKLNEVXQLTIFIKRGSIIIACCYIGRPTLPKFVPPWYYINVNSCERSNRSVLLQRQGLLLIYIFDLDHIKDSCIQGKYCVGVLPNEVYGRNIRRKSMSYCCTEMSNFLSIKLVCLANLALEMFPHR,
SCUTST3129G12.g:gdp-l-fucose synthase 2:MPTTFYGPTALPPGEFDVRPRSSVVSTRPRPPTAPEVVVWGSGSPLREFLHVDDLPTASSSLMEHYSGLEHVNVGSGSEVTIKELAELVKEVVGFQGNLVWDSSKPDGTPRKLMDSSKIQGMGWKPKIALKEGLVETYKWYVENVISNKK,
SCCCCL3140A07.g:cytochrome p450 superfamily protein:MASAFFFDAEPVCELPSLVPTLDACALCAKPLGRDDDIFMYRGDTPFCSEECRGEQMQLDAIRARRAAARRQQQQYXLQNGVQAPGVQEGVCGHMNSRGLHGPEDQKASCCVSTRFLHLKNVDGCRRDKDFDFSVAVVLPEXLPPMLIGATAPDGEFITDLVIXLACGFGYCDESPTALGRSDIWLLVQGVKSDFSVEISHGKQQFPNAXGFTKNKPVERSRLSQSFEYNYGDFIPVLRPFLRGYLNRCHNLKTRRMKVFEDNFVQERKKVMAQTGEIRCAMDHILEAERKGEINHDNVLYIVENINVAAIETTLWSIEWGVAELVNHPAIQSKLREELASVLCARVPVTEPDLERLPYFQPSSGDASLRMA,
SCUTFL1060H07.b:probable glycosyltransferase at5g03795:MERSFKVYIYPDGDPKTFYQTPRKLTGKYASEGYFFQNIRESRFRTDDPDQAHLFFVPISPHKMRGKGTTYENMTAIVKDYVEGLINKYPYWNRTLGADHFFVTCHDVGVRAFEGLPFMVKNLLELYVRQAIMLTLYRIRILPFLKCYSRLPYLKEEMILRTGQFLAFGLAIAISKKRGIPNTDX,
SCJLHR1027D07.g:crocetin glucosyltransferase 2-like:DGGAVLRLPGLPALEPDGLPWFFKVGTGPYPAYFELVIRQFQGLEQADDVLVNSFYELEPEEAEYMASSWRAKTIGPTVPASYIGDDRLPSDTKYGLHLYELTSAPCIAWLDAHPPRSVVYASFGSLSDLDPLEMREIAHGLLDAGRPFLWVVRASETHKLPAGFEGACGLVVSWCPQLEVLAHRAVGCFLTHCGWNSTAEALVAGVPMVAVPQWTDQPMNAKYVEAVWRVGVRX,
SCCCLR2002A07.g:xyloglucan endotransglucosylase hydrolase protein 9-like:MALWNGGGGGGAFPAAAVLVAAAVAALLGAGVATNKFDDVVQPSWANDHVVYDGDLLKLRLDANSGGGFVSRSKFLYGKASADLKLVPGDSAGVVTAFYLSSAGDKHNEFDFEFLGNVTGEPYLVQTNLYIDGVGNREQRIDLWFDPTADFHTYAVLWNPSQVVFMVDDTPIRVYENRQNGTMHGHHHRHGANATSNNAPPPFPGPQPMAVYSSIWNADDWATQGGRVKTDWSHAPFEVTFREVRVDGCAWAANATDGDAGEVRRCSETSWGKEGRYWWKEKEMSELSVHQSHQLVWARAHHLVYDYCVDTDRFPVQPPECAGR,
SCSGST3120D11.b:beta-expansin 1a precursor:XWGSIWRMDTNHRMQAPFSIRIRNESGKTLVANNVIPANWRPYTFYRSFVQYQ,
SCSFRT2068B05.g:beta-glucosidase 30-like isoform x1:XSSQGYAVGKFAPGRCSSYVSESCSAGDSAREPYIVTHNIILAHAEAVALYNAKYKPAQRGQIGITVVSNWYVPNDANSTADIKAVQRSLDFMYGWFLDPIVHGEYPGTMLGYLGDRLPRFTAAQAKLIKGSYDCIGVNYYTXYLTCGEPALNHXNILTTATSTAPAVLKWRKMMTNNNKSSLFPDCPIRIRELLLYTSRRYNNSVLYVTEKRIAEENNKTIP,
SCCCLR1048D07.g:phenylalanine ammonia-lyase:XDAWADAWADAWADXVGNGTSVGSALAATVMYDANVLTVLSEVLSAVFCEVMNGKPEYTDHLTHKLKHHPGSIEAAAIMEHILDGSAFMKHAKKVNELDPLLKPKQDRYALRTSPQWLGPQIEVIRAATKSIEREVNSVNDNPVIDVHRGKALHGGNFQGTPIGVSMDNARLAIANIGKLMFAQFSELVNEFYNNGLTSNLAGSRNPSLDYGFKGTEIAMASYCSELQYLGNPITNHVQSAEQHNQDVNSLGLVSARKTAEAIDILKLMSSTYIVALCQAIDLRHLEENIKTSVKNTVTQVAKKVLTMNPSGDLSSARFSEKELITAIDREGVFTYAEDPASGSLPLMQKLRSVLVDHALSSGDAEREPSVFSKITKFEEELRAVLPREVEAARVAVAEGTAPVANRIADSRSFPLYRFVREELGCVFLTGEKLKSPGEECTKVFNGISQGKLVDPMLECLKEWDGKPLPINVVN,
SCVPRT3089B12.g:beta-glucosidase 6-like:MAAWPGPEEEXGNAKQSKPYIQPSARAQQVLEPLHRALGVSLEVILVVHEVEPESGGVASCPLPVVQQRPREVATHVAPVLLYGGSQVGEVVVVVLDPLAVLEGVLDGSERAVAVVHPVFGDVNRWAVVPFLDVVHQAPHPAGHDVQPYRIGPVTNGFPVPECCKIAETVSREFLGFX,
SCSGFL4037C03.g:probable galacturonosyltransferase 7-like:XRAAVVISTELAGVGARGKRHLENGGAMKHKLLKDVSKKVSGSNGISAERSTRSRSNKDLAIKSKAKLKGAFSLTRLNNDTFESKGPRTSKRYQLKDLTWRSKDTTVNGKENYGQETVHEENTKSCEHEYGSXCLWSTEHREVMKDAIVKRLXDQLFLARAHYPSVAKLKHQERFTRELKQNIQEHERMLSGHITDADLPPLXCKELEKMEHTIERAKX,
SCRLST3165E09.g:probable xyloglucan glycosyltransferase 1:MQQEFSPCQVXIRYQHHKIDGTPPSRCTLKSARAPCGTPRLCRLDVIRPFASSLGSRLDALELDPEATQAEDKAAALWIKKSTTHAFAMNCSAGARYSRRTRTQDAYXGGEEALDGEQVGDVDGEVPALEVRGDVDGEEEHGEDE,
SCCCRT3002G10.g:jacalin-related lectin 3-like:XDTISKLAQLNLPRHPIAMAAATNPAYYQSGVCQDIRQIEHRFHLYMTQRADGTTDSNEKVVVSTPGGFGSIAVDDFTIRDGPAANANLVARARGMHVSDGIADNNWLFCHSILFTDARFKGSSLKMLGDFSYENDGEWAIVGGTGEFAYAHGAVTAKVIQPYTPATGRIWELGIRAFCLCISEKTKMRPWGGEGGAAFDIPEAEPPMRLETMTVGYRDVINCVAFSYTNKAGQKKTAGPWGSHGALTTTITLAPSEIIKQVLGTTGTVGGDTVVTSLTLVSNLTTYGPFGTTNGTPFCSQVNKTIAGFYGRAGEAVNALGVYXRLKKLVPRMRVLFKNLHGFGSMPQKTFPSLCLPKISRRTGVVLVLFSVQFVFPFYYCVLFANVFKLFLARKILLLEIADDYVTAVVGLIYTPLKLCVX,
SCMCRT2085H04.g:shikimate o-hydroxycinnamoyltransferase-like:MVELLTTELVVPAEETPAGAIWLSNLDLAARRGYTPTVYFYRTNNQPEFFEADAVKDSLAXGAGGVLSHGQHLLSFFDENGNSFYTATEYSXGDRLGTLKLRPYQMFEPFTTCIRENSWLGFILGQNLNKIRXVINGEYVPLCALACNFWKNWQRNLIFRXFSLFYSFXW,
SCCCHR1002D02.g:probable polygalacturonase-like:MASPPLQLAAAPLLLLLLLVVVPGTRSSRVFSVSDYGAAGDGSRYDTAAIQDAVDACAAAGGGRVLLPAPGDYLTATVHLRSRVVLEVPPGARLLGGTRQADYPPESRRWYLVLAENTTGAGVTGGGEINGQGGAFVVTPSEVKNVMVSWNATGDCLGDECRPRLVGFIDSKDVRIHDITLNQPAYWCLHLVRCDNTVIHNVSIFGDFNSPNNDGIALKDSNNTVITDGHIDTGDDAIX,
SCRLRT3035F12.b:glycosyl hydrolase family 10 expressed:FCFPELAITTNFTAKTQPGYLNQFLREALLAPAGKGGHVVEGVAPQGLLPNVPPGLDLKHLAQGEGVRPLVQQVGNVPGGGANQRAGPLQFKGLLGGVGPPGELQQREDAAXLFRCPRKTSPGPSRFKCARESVTINGWNNCKAPCVVLHCIALHWVIFLTPWSQRDGRACNGLYYYNLM,
SCSFAD1069A08.g:cinnamyl alcohol dehydrogenase:MESYKPIRCYRTKWIMWYGFQRGISYNNTSSGPXAHEGVGVGGEVFGGVLGGPTDSFPMEDRLHILFIVVGIDKDKLIRAAQAFDHVVTCTVAGWVQCYEYSRPESCVQHVYVSKQTVSHGSC,
SCCCRT3001A02.g:endochitinase a-like:LGNPDTVAQDPVIAFKAALWFWMNNVHGVMPQGFGATIRAINGALECNGNNPAQMNARVGYYQQYCQQLGVDPGSNSPARGAGFMHAFLYKYKYTSEFESASGIGDXIIMQGLATCLFDKNNEAVCNMQIDVNTSQVRVLVIVSAHHNTDNERG,
SCJFAD1010G05.b:tpa: alpha-l-arabinofuranosidase family protein:IPSYWMQTLFRESSGSMIHPINISSPYSSSLAASAITWQDSENSFLRVKVVNFGSDTVSLTISTSXLQXXXNSLGSTATVLTSGNVMDENSFSNPNKVAPVTSQLSNAAEQMQVTLAPHSFTTFDLALAQSKLVAEM,
SCSFAD1124F06.g:cellulose synthase-like protein d3:MASNGGGLRHSNSSRLSRMSYSGGGGGDDARAQAAVPGDRPMVTFARRTHSGRYVSYSRDDLDSDLGAGDMSPDREDQQQQQYASYHVHIPATPDNQPMDPAISARVEEQYVSNSLFTXGFNSVTRAHLMDKVIDSEALHPQMAGAKGSSCAVNGCDAKVMSDERGDDX,
SCAGLB1070E09.g:laccase family protein:MDTVFIVKNGQTPDAQMCHVLLTCLSAKETKA
