SCRFAD1020E02.g#cytokinin-o-glucosyltransferase 2#MASSEPQPANKQPHVLLIPYPAQGHVNPFLKLAKALHARGFHVTFVHTEYNHGRLLRARGAGAFDAGAEGFRFETIPDGLPPSDLDATQDIWALCEATRRTGPAAVRGLVERLNRTDGVPPVSCVVADGAMGYVVHVAKEMGLPAYLFFTHSGCGFVAYLNFDQLVKRGYVPFKDEMCFTNGYLGHSVDWIXGMLAGARLPHFPTFIRTT,
SCACAD1037F10.g#rare lipoprotein a like double-psi beta-barrel containing expressed#MASKSQLLFFIAIEALASIIHPCASVEFHRKLSSWYSGGATWYGAANGAGSDGGACGYQGAVDQAPFSSMIAAGSPSIYNSGKGCGSCFQVKCTGNDACSGNPVTVVITDECPGGACLNEPAHFDMSGTAFGAMANPGQADKLRNAGVLQIQYTRVQCNWPGVHLTFVVDAGSNPEX,
SCMCRT2103F09.g#cyanohydrin beta-glucosyltransferase#XTRCLSWLDGKPAGSVVYVNFGSMHVMTAAQAREFALGLARCGSPFLWVKRPDVVDGGEVVLPEALLDEVARGGGLVVPWCPQAAVLKHAAVGLFVSHCGWNSLLEATAAGQPVLAWPCHAEQTTNCRQVCEVWGNGAQLPREVESGAVARLVREMMAGDLGKEKWAKAAEWKAAAEAAARKGGASWRNVERVVNDLLLVXEQAVTSMDDVVDGSHWQIEFLVKIPHAGAALLQ,
SCSGAM1096B02.g#probable beta- -galactosyltransferase 2#XRVRAPSTRNGPFFSASAASXIGLVFTNRMWTMPEPKEIIRRSTLEVEKMNLVDGDCAPKSIGDAKDVPGEVPRNQDVIQTLDKTISNLEMELASAKASQESMLNGAPVSESTGKRKYFMVIGINTAFSSRKRRDSVRATWMPQGEKRRKMEEEKGIIIRFVIGHSATPGGILDRAIDAEDRKHEDFMRLDHVEGYLELAAKTKAYFIAAVSMWDAEYYIKVDDDVHVNIATLGNVLARHRSKPRAYVGCMKSGPVLAQKGVRYHEPEYWKFGEWGNKYFRHATGQLYAISKDLASYIALNQHVLHKYANEDVSLGSWFIGLDVEHVDDRRLCCGTPPDCEWKAQAGNVCAASFDWSCSGICKSADRIKEVHQRCGEIQNAIWNAKFXNPRSPSPDNTRKAHTYVRIQKIWLNSVWHRRHMVVHSALQVQNQTEEHEIESAMYTQVYVHYGDRWGVFFLGVFGLGIGLLYGDFSFLVFEKIPVFYS,
SCBFRZ2047H02.g#xyloglucan endotransglucosylase hydrolase protein 22-like#MAAVAHGGNFYQDTEMTWGQGRGKVVDGGRGLDLTLDRTSGSGFQSKSEYLFGKIDMQIKLVPGNSAGTVTTFYLSSAGSAHDEIDFEFLGNVSGEPYTLHTNVFTQGQGQREQQFRLWFDPTKDFHTYSVVWNPQHVIFAVDGSPIRDFKNHEARGVAFPRTQPMRLYASLWNADDWATQGGRVKADWSQAPFVASFRGFSADACVWANGKQQCPVGTMETAAAGVRRGGSWWNQQLSDMSYRRMRWVQRKFMIYNYCTDAKRFPQGVPAECKLR,
SCEQLB1066C05.g#anthocyanidin -o-glucosyltransferase-like#MTKGPNFAWLVYHGTRFMEAAGIIVNTVAELEPYILAAIAGGLCVPGRRAPTVYPIGPVVPVKPPGDGEQPQQLHECVRWLDAQPPASVVLLCFGSMGGSFPSPQVREIADALDHSGHRFLWVLRGPPADSKYPTDANLDELLPEGFLERTKDRGLVWPKWAPQKDILANPAVGGFVTHCGWNSILESLWHGVPMVPWPLFAEQHLNAFELVSVMGVAVAMQVDRKRDNFVEAAELERVVRSLMGGSEEEGRKAREKATEAKALCRKAVADGGSSEVSLQQLAREIGEHKNTKQEQRKQRRFLNMFTTPLPPLALPAMGDHRS,
SCJFRT2058A05.g#probable udp-arabinopyranose mutase 2 isoform x1#XPSLLSLTLDSALLRIAHIADLSHLVIDLFRVENTHAGKLTEKVLKLFLATGCEEIILAVQLLNIKQPPYQSFPQGALRGSRPAAAYIILIPEKMPLEIQDSEVDIVIAALQPNLTTFFEAWRPFFSRFHIIVVKDPDMTEDLQIPTGFDLKVYTKSDINGVLGASSINFSGHSCRYFGYLVSRKKYVISMDDXXLPAKDTXWSTCDVVHSTX,
SCQGSB1066B02.g#beta-glucosidase 5-like#XHVMIYQLDLPQILEDEYGGWLSPKIVEDFTAYADVCFREFGDRVSHWTTLDEANVAALGSYDIGQIAPGRCSDPFGFGTKKCTVGNSSVEPYIAAHNMLLAHASATRLYREKYQAVQKGVVGINIYTMWPYPLTNSTADLEASQRFLDFYCGWILEPLLFGDYPSVMKKNVGSRLPSFREVQSEAIRGTLDFIGINHYLSLYVNDHPLEKGXRDFVLX,
SCVPRT2075E11.g#cellulose synthase a catalytic subunit 4#MESAAAQACAACGDDARAACRACSYALCRACLDEDAAEGRTTCARCGGDYAAIDPAHGNEGAEAEEEVENHHAAGGLRERVTMGSHLSDRQDEVSHARTMSSLSGIGSELNDESGKPIWKNRVESWKEKKNEKKASAKKAAAKAQPPPVEEQIMDEKDLTDAYEPLSRVIPISKNKLTPYRAVIIMRLIVLGLFFHYRITNPGNSAFGLWMT,
SCEQRT3C03E06.g#xyloglucan endotransglucosylase hydrolase protein 23#MAFVAVAAAANFNQEFDITWGDGRGKILDNGQLLTLTLDRTSGSGFQSRHEYLFGKIDMQLKLVPGNSAGTVTAYYLSSQGSTHDEIDFEFLGNVSGEPYTLHTNVFTQGQGQREQQFRLWFDPTKDFHTYSILWNPKHVIFMVDEMPIRD,
SCEPSB1130A03.g#beta-glucosidase 18-like#XKYQRRQKGMIGIVMAAFWFVPLTDTPVDRLATERALAFSVPWFLDPIIYGDYPPEMRQLLGSKLPSFSPEEKRKLGYKLDFIGINHYTTLYVKDCMFTSDCPSGQDIQYALAAYTGERDGIPIGPPTAMPLFFDVPDGIEKMVTYIMKRYNNLPMFITENGYAQGGGGYNHVEDWLDDQGRIQYLDGYLTKLAKVIRDGADVRGYFVWSLIDNFEWTYGYTLRFGLHYVDYQTQERKPKSSALWYKWFLQSLHEAXIDGALFKYISV,
SCUTSB1030B12.g#probable xyloglucan glycosyltransferase 2#XKLGSSYEWVVTKKSGRSSELDLLTSRKCITLPQLQKQLPENSELIEINVPKEQHEKVPHDAKKANKIYKKELALSLLLLTAATRSLLSAQGIHFYFLLFQGVSFLAVGLDLIGEQXKLIPCMLLFRQHGNHAYVHTYSDIQNSKFPFMLRILLQNCNPAQQQTGECNW,
SCCCCL2001B11.b#xylanase inhibitor protein 1-like#MALGGRRRASAAALLAVAVALVSLAGPAMAAGNKTGQVTVFWGRNKAEGTLREACDSGLYTMVIMSFLGVYGPNGKYHLDLSGHPIAGIGDDIKHCQFVGVPVSLSIGGFGSGYSLPSKKAALDLFDYLWNAYFGGSKPGVHRPFGDAWLDGVDLFLEHGSAAADRYDVLALELAKHNIRGGPGKPLHLTATPRCGFPPAGYLKRALDTGIFERVHVRIYDDADCEAYWHLAWDKWTAAYPATRFYVGLTASEMTHGWVHPKNVYYDVAPSVQKADNYGGFMIWDRYADKLSNYTSMVKYYA,
SCCCRT1C06D06.g#cell wall invertase#XLPTHTPVIFQDKLIFQSTYIIDATVVRVTTDYIDXTKPIYDYFLKCFVLPIRRRVKLKDASTPLLCVSLLTHGRSCDXQADVEVTFEVSSLEKAEAFDPEYGNDAQKLCGVKGADVEXRKMGPFGLWVLASADLQEKTAVFFRVFKDGYGKPKVLMCTDPTKYAHLPTSFPLLASQQPHCTYITCAYA,
SCSBSB1053C05.g#cellulose synthase a catalytic subunit 9#QGRASLTPASPCLAIAIEHLRDRRPKLALHAGLRSSVPRAMEASAGLVAGSHNRNELVLIRGHEDPKPLRALSGQVCEICGDEVGLTVDGDLFVACNECGFPVCRPCYEYERREGTQNCPQCKTRYKRLKGSPRVAGDDDEEDIDDLEHEFNIDDEKQKQLEGAMQNSQITEAMLHGKMSYGRGPDDGEGNNTPMIPPIITGSRSVPVSGEFPITNGYGHGELSSSLHKRIHPYPVSDPGX,
SCJLRT3077F09.b#probable galacturonosyltransferase-like 4#MARACRMAPLLILALLLLVATAASAIRVDVIWLPSSSAPPPLPPSPAFREAPAFRNGDECPPRGSPDGRVDVAMTLDANYLRGTMAAVFSILQHTACPENVAFHFLAAAAPATDGDPDLLAAIRATFPYGXXSVHRFDPX,
SCCCRZ3004D03.g#alpha-galactosidase precursor#MAAGGGGGSSPARLALLLVVVVAAAVVACGGKVVHVEEAHRRSMLANGLGSAPPMGWNSWNHFQCDGNGEVVIRETADALVSTGLAALGYRYVNIDDCWAEPQRDAKGNLVANTKTFPHGIKAVADYVHSKGLKLGIYSDAGFQTCAKAQPGSLGHEEQDAKTFAAWGVDYLKYDNCDNGDLKPLERYPEMSRALMKVGRPIYFSLCEWGDMHPAKWGAAYGNSWRTTNDIADTWDSMIATADQNEVWSEYARPGGWNDPDMLEVGNGGMTNSEYVVHFSLWAISKAPLIIGCDVRHMSQETYDIVANKEVIAVNQDPLGVQGKKVRMX,
SCQSSB1055A03.g#probable glucuronosyltransferase os01g0926400-like#XPPPCWLSAVSAACGGAERMRISSTRFRASNSTPLARHRRALXLARLTSSLISLPGSSGPDGDSLPPTQNKHRQGRRRAEEGRSSKLSTEYQQQSSSDRGSDQAALPATCSSRIKGAMGPHAAAVVAILLVATCVVAAAPLQQQHHKPGRIPGNAVGVLDDDPVGKLKVFVYEMPRKYNKMLLDKDSRCLHHMFAAEIFX,
SCAGLR1064F05.g#probable cellulose synthase a catalytic subunit 5#XIHPLPYADPNLPVQPRSMDPSKDLAAYGYGSVAWKERMESWKQKQERMHQARNDGGGNDDGDDADLPLMDEARQPLSRKIPLPSSQINPYRMIIIIRLVVLGFFFHYRVMHPVPDAFALWLISVICEIWFAMSWILDQFPKWFPIERETYLDRLTLRFDKEGQPSQLAPIDFFVSTVDPMKEPPLVTANTVLSILSVDYPVDKVSCYVSDDGAAMLTFEALSETSEFAKKWVPFCKRYSLEPRAPEWYFQQKIDYLKDKVAQEFVRERRAMKREYEEFKVRINALVAKAQKVPEEGWTMQDGTPWPGNNVRDHPGMIQVFLGQSGGHDVEGNELPRLVYVSREKRPGYDHHKKAGAMNALVRVSAVLTNAPYLLNLDCDHYINNSKAIKEAMCFMMDPLLGKKVCYVQFPQRFDGIDRHDRYANRNVVFFDINMKGLDGIQGPIYVGTGCVFRRQALYGYDAPKTKKPPSRTCNCWPKWCICCCCFGNRKTKKKTKTSKPKFEKIKKLFKKKENQAPAYALGEIDEAAPGAENEKASIVNQQKLEKKFGQSSVFVASTLLENGGTLKSASPASLLKEAIHVISCGYEDKTDWGKDIGWIYGSVTEDILTGFKMHCHGWRSIYCIPKRVAFKGSAPLNLSDRLHQVLRWALGSIEIFFSNHCPLWYGYGGGLKCLERFSYINSIVYPWTSIPLLAYCTLPAICLLTGKFITPELNNVASLWFMSLFICIFATSILEMRWSGVGIDDWWRNEQFWVIGGVSSHLFAVFQGLLKVIAGVDTSFTVTSKGGDDEEFSELYTFKWTTLLIPPTTLLLLNFIGVVAGVSNAINNGYESWGPLFGKLFFAFWVIVHLYPFLKGLVGRQNRTPTIVIVWSILLASIFSLLWVRIDPFLAKDDGPPVGGVRFGLQLGGQHVDFPISVWSKKYFCRCFVPIFFHFFSSVDRNTGRKKRVFAFLLFHGGGSSALMTAILGKAEAATTLCSSATNILEKMETNQSMPEFNYSAFFISFGGRYLMVSRTESCFEYELLYICKVVAXSSISIRQDGTDVPSGTEQRDACTLFVCLFM,
SCSBAD1052E11.g#plasmodesmata callose-binding protein 2-like#MALRPVHGLASLLVLLSCHCHGGGSEQGAEVPRLERDVTSPLATVPVVNPTAMPTATPTPSLATGAGGGSWCVASPSASATALQVALDYACGQGGADCSAIQQGGSCFSPDTVRDHASYAFNSYYQKNPVQTSCDFAGTGVLTTANXKYFDVSVSSNEHRWFGPEHVDSADANVRVSPRVRELST,
SCEQLB1067D10.g#chitinase#MVATAALLAASARAEQCGSQAGGALCPNCLCCSKFGWCGTTSDYCGSGCQSQCTGSCGSTPTPTPTPPTPTPSSGGGSVASIISESLFNQMLLHRNDAACPASGFYTYAAFIAAANAFPGFGTTGGADAQKRELAAFLAQTSHETTGGWATAPDGAYAWGYCFKEEQGAAAGPDYCEPSTQWPCAAGKKYYGRGPIQISYNYNYGPAGQAIGAGILANPDLVASDPTVSFETAVWFWMTPQSPKPSCHAVMTGQWTPSAADTAAGRLPGYGVVTNIINGGLECGHGADSRVTDRIGFYKRYCDLLGVRYGDNLDCGNQRPFNSRSMNKNQSMHAVL,
SCBGAD1027B11.g#probable pectate lyase 4#GRGQRVVLAGKGLQLKSCHHVIVCNLVFEGGRGHDVDGIQIKPDSTNIWIDRCTLADYDDGLIDITRQSTDITVSRCHFMRHDKTMLIGADPTHVGDRCIRVTIHHCFFDGTRQRHPRLRFGKVHLYNNYTRSWGIYAVCAGVEAQIVSQCNIYEAGGGPPKKTTVFKYMPEKAGDREDVVAGLISSEGDAFLNGALPCLIDGPGPVX,
SCEZSD2080C09.g#low quality protein: beta-glucosidase 13-like#PTRPLLALQSAISDGANVKGYFAWSLLDNFEWVNGYTVRFGIYFVDYSDGLKRYPRAPPTGSRSSSRNKHTCMDERPPGSCESVNNLSLIFVWRLAWPGLYGCVTDKLSHR,
SCVPLR2019F11.g#lysosomal beta glucosidase-like isoform x2#MALLTAPAVAALLLLFWSAVSGDAQGVPPYKDPKNDVEVRVRDLLARMTVAEKIRQMTQIERLVASPQVLKDYYX,
SCJFAM1069C01.g#pectin lyase-like superfamily partial#XNIHPVYCDNVVVTNMMILAPHDSPNTDGIDPDSSSNVCIEDSYISTGDDLVAIKSGWDEYGIAYGRPSSGITIRRVRGSSPFSGIAIGSEASGGVRDVLVEDCSIFDSGYGIHIKTNVGRGGYIRNVTVDNVRMSGVRSGVRIAGDVGDHPDAHFSQLAVPLVDAVRIRNVWGVNVQHPGSLEGIRSSPFTRICLSNVKLFGWRSDAAWRCRDVRGAALGVQPSPCAELATSFASAGSSCS,
SCCCLR1078C05.g#udp-glucuronate:xylan alpha-glucuronosyltransferase 1-like#RPEPSSGLPPRRILEFKRMGSLEARYRPAGAAEDTAKRRTQKSKSFKEVEKFDVFVLEXKFRLQIPIIATFALAIMSAAFLTLLYTPSVYEHQLQSSSRXVYMCAISSNAVENHDTSPLVHGXNVFVIEHEVFNITIQCXIYVVLMLSMMLLQLVNGWIWDKRSSDPRYVSSATIQWEDVYKSIQHLIVGEQKLSVGLLNFNRTEFGTWTHMLPESDFSIIRLEHANESITWQTLYPEWIDEEEETEIPSCPSLPDPSFPRATHFDVVAVKLPCSRVAGWSRDVARLHLQLSAAKLAAATARGNSGIHVLFVTDCFPIPNLFSCKDLVKREGNAWLYKPDVKALKDKLRLPVGSCELAVPLNAKARLYTVDRRREAYATILHSASEYVCGAITAAQSIRQAGSTRDLVILVDDTISDHHRKGLESAGWKVRIIERIRNPKAERDAYNEWNYSKFRLWQLTDYDKVIFIDADLLILRNIDFLFAMPEITATGNNATLFNSGVMVIEPSNCTFQLLMEHINEITSYNGGDQGYLNEIFTWWHRIPKHMNFLKHFWEGDEEEVKAKKTRLFGANPPILYVLHYLGRKPWLCFRDYDCNWNVEILREFASDVAHARWWKVHNKMPKKLQSYCLLRSRLKAGLEWERRQAEKANFTDGHWKRNITDPRLKICFEKFCFWESMLWHWGENKTNSTQNSAVPATPTAEPVELMRFVVDSFVESSIPDTKLPKLNTYIATALKGSYVGLSPE,
SCUTRZ3073E01.g#protein notum homolog isoform x1#RPPRPVASHAEXPVQPSKPDFYNWNKLKVRYCDGSSFTGDVEEVDLTTKLHYRGARIWQAVMEDLLAKGMGKAENALISGCSAGGLTSILHCDRFHDLLPPAARVKCLSDAGFFINEKDVAGVGYIAAFFNDVVATHKSRTHCSPVILNLITLFSNGVGVSKEFTTFMHFNVTSRNVLFPPERGETDTDTSIYPQAAYDSWQVKNILVPGIADP,
SCVPLB1020G05.g#tpa: alpha-l-arabinofuranosidase family protein#DGSSTPLDHPADLYDFHVYTDSKTLFNMKSTFDRTSRSGPKAFVSEYAVWRGDAGRGSLLASLAEAAFLTGLEKNSDIVYMASYAPLFVNNNDQTGTQMLSSSTPGNTTALPVTGXQTLFRESSGAMLHPTTISSSYSGSLAASAITWQDSENSFLRVKVINFGSDAVTLTISTSGLQASINALGSTATVLTSADVMDENSFSNPTKVVPVKSDLSNAAEQMQVTLAPHSFSSFDLALAQSKLVAEMELDWWQVTRSIYIHIKGVIRKCQQPQGVHRAAVNRKHIRFALLCMIQ,
SCCCCL5004G07.g#glycoside family 28#MALRTLDLNAPPLLHILRSLCLLALAASAAVSGRHHVPSPAHGTGQSMYLAPACRAHTASLADFGGVGDGTTSNTAAFRSAVDHLSQYSGEDGGGAMLYVPAGKWLTGPFNLTSHFTLFLHSDAVILASQDINNGRSLIPCLLMGRGRDKIGGRFASLIGGSNLTDVVITGNNGTIDGQGAMWWSKFHKNQLKYTRGYLIELMHSDTIYISNLTLLNSPAWNIHPVYSSNIVVQGITILAPTNSPNTDGINPDSCSHVRIEDCYIVSGDDCVAIKSGWDEYGISYGMPSQHIVIRRLTCVSPTSAVIALGSEMSGGIQDVRAEDITAINSESGVRIKTAVGRGAYVKDVFVRRMTLTTMKRVFWMTGNYTSHPDEKYDHHAIPVVDNISYQDVVATGVYKEAARLEGIQASPFRGICVANVTAELSKSRKYPWTCADVEGVSVNVSPAPCEPLQGAHDGACPFPTDTLPIDQVTVQQCAYDVPGAGGGXLAAQVICGAVDARSKEWMWITXILWRCSYVYTLHVVVV,
SCBGLR1002A07.g#callose synthase 10#MKMRNLLEEFRDVHGNHGIRKPTILGVREHVFTGSVSSLASFMSKQETSFVTLGQRVLAYLKVRMHYGHPDVFDRIFHITRGGISKASRVINISEDIYAGFNSTLRQGNITHHEYIQVGKGRDVGLNQIALFEGKVAGGNGEQVLSRDVYRLGQLFDFFRMLTFFFTTVGYYVCTMMTVLTVYIFLYGRVYLALSGLDYSISRRARFLGNTALDAALNAQFLVQIGIFTAVPMIMGFILELGLMKAVFSFITMQLQFCSVFFTFSLGTRTHYFGRTILHGGAKYKATGRGFVVRHIKFAENYRLYSRSHFVKALEVALLLIVYIAYGYTKGGSSSFILITISSWFLVMSWLFAPYIFNPSGFEWQKTVEDFDDWTNWLLYKGGVGVKGDNSWESWWDEEQEHIQTFRGRILETILSLRFLIFQYGIVYKLKITDHNTSLAVYGFSWIVLVVMVLLFKLFTATPKKSTALPTFVRFLQGVLAIGIIAGIALLIVLTSFTVADLFASALAFIATGWCVLCLAVTWKGVVKTLGLWDSVREIARMYDAGMGAIIFVPIVFFSWFPFVSTFQSRFLFNQAFSRGLEXLPHPGREQGESADMKSLAASSVFFCCTFLELLRAAWLFEQFSELDLNSLVHNCPCNFDTNLRRDSYGSRDEQVFXEPDLNKTFRFFDGPAALQVCCIHPSE,
SCEPAM1054A03.g#probable galacturonosyltransferase 3 isoform x2#INTDSTLRLMKDQIIMAKLYATIALSQKEPDMYALLMKCIKESQTAIGDALIDSELDSSALERAKAMGHVLSSARDVLYSSGEVSRKLCVMLQSTELNIDAVKKQNSFLVQHAAKTVPMPLHCLHMQLTTDYYFRDDVTKEHFDDDALKEEQYKEKLEDRLLYHYAIFSDNVLAASVVVRSTVTNANEPEKHVFHIVTDRL,
SCEPSD1072G12.g#beta-glucosidase#TASRFTTSSSRTHESXHFYKEELKGTGKIALKFNNNFGVPRNPESEVDVYAADHFNTFQLGPFCNTIFLGIDYPESYKMTISDYVPLTQEDLEYMNGTADFLGIDPYTATVIAPSVATPXKASLTVLKTLLQLXALMRKPNYQRRFWLNIW,
SCEZHR1049A03.g#fasciclin-like arabinogalactan protein 8-like#MATQRLVAAALLACLLCCLHSVLDYYDRKKVKKYGDESAATLYQATGDAAETTGNVKVVDQEDKNYGFSAATAGARICTVTKEVETHPFKFAILEVTAPIEFDGLFDVPSTANLTRLLERAGCKVFASLAASTGVLESYEDAMDKGLTLFAVNDDAFSAKDVPDVXNMSKANLNKLLQLHALPSYNTKTSLKSVKGPLRTLAPXGRRHGRNITAILQGYKEFKLYKQYLX,
SCCCFL5001F03.g#glucan endo- -beta-glucosidase 6-like#XSASRSLGMPTLTWMPEPLSAPRMVSSASNSWTLSNPLSCSRRTPLLAGSWWLSCVPQFTPIAHVRRAAVHSATASTSAATARDREXTGARHGRRVALSESRRREIVLDLYGGXGFVVTMNWPADRGGRSIGKCVIAKVFVNCGIKQELYGSFN,
SCMCLR1123B01.g#fasciclin-like arabinogalactan protein 8#IPTLASTGAGKYDLTVASSGDEVSLDTGVDKSRVASTVLDDPPTVILTVDSVLLPHVIFGGAPSPAPAPGPAADVPASAPAPEGSAAAPAPKAAGKKKKKKAKSPSHSPPAPPADSPDMSPADAPAGDAADKVESKKNGAAAAAVSFAALVASVTLAVALLLERAAGVFDAEPPVLSKNLRVHVVTXAKSVVAREFLVGSIDDLIISSGVSSSSWLVGLLEEFKDLVLQSSVAQSSGGNGDCDDCFGSVRSRKXSFDVDLFLFFLLGRSLPLGAYLSGTAFRMITIHIH,
SCEQSB1016D11.g#probable galacturonosyltransferase 6 isoform x1#IKSKWLSAESVSWIANALQLESGTEITRQPFQII,
SCRUFL3060G01.g#beta-glucosidase 18-like#XYDVPDGIEKIVTYIMKRYGNLPMFITENGYGQGGDNYTSVEDWLSDNDRIKYLDGYMTKVAQVIRSGADVRGYFGPVHPAYNPYXLSLFFGRNSVFISQQISQHCFSAGLSAQPNGAFIWSLIDNFEWVYGYTIRFGLYYVDYETQERTPKLSAQWFKKFLQNDTKSNRQ,
SCACAD1036G03.g#udp-arabinose 4-epimerase 1#MXNTFSPGMIPXAASKQAPDIRPCSRSSGLGASPNLPSGSDPITLKYLIYTEREKGLELFHGLQSNXRLLKTNLKIMTAMFDCFLDFVKSKIMSSAIFFALPYGLIGFCSGLENVRIMTASTKLRKVEAHALKVNLRSCFYNRHRIRFTVGCTRTRVNQSIYIIAAIASRTVNVFDVMLW,
SCSBHR1053F06.g#secondary cell wall-related glycosyltransferase family 47#XPPVAYHLSXDSAFLPEQLPRVDGRQALRLMGTGSAMAQALVLAALLLACSDVAVVVAQETERIQGSAGDVLEDDPVGRLKVYVYELPPKYNKNILAKDSRCLSHMFATEIFMHRFLLTSAVRTLNPDEADWFYTPVYTTCDLYTMGSSLDYEVSTNDEKCDSVYFQALALLEQDGGSRPFLCPPHDFGACFYFQEETAIQRGVLPVLRRATLVQTFGQKHHVCLKEGSITIPPYAPPHKMRTHIVPPETPRSIFVYFRGLFYDTANDPEGGYYARGARASVWENFKNNALFDISTEHPPTYYEDMQRAIFCLCPLGWAPWSPRLVEAVVFGCIPVIIADDIVLPFADAIPWEEIGVFVAEDDILKLDTILTSIPMEEILRKQRLLANPSMKQAMLFPQPAEPRDAFHQVLNGLARKLPHGKDVFLKPGQKVLNWTEGTRDDLKPW,
SCSFSB1100C03.g#probable galacturonosyltransferase-like 1#XQTNFTEMTRSPLTLILLLLLCAAVGGAAAVPRYREAPHFTNSAAAQCPPPLHPSDADAACSPHAAVHVAMTLDASYLRGTMAAVLSVLRHASCPESIHFHFIASAKSKAATAEELRATVRASFPSLAFRVYPFADEARVAGLISTYIRGALDRPINYARSYLASTLPRCVRRVEYLNYDVVHTEN,
SCEQRT2091D09.g#probable beta- -galactosyltransferase 9#METLASAMRRENRRSKAPSSSSVATALASGRVPLVMAFLSCLAWLYVAGRLWQDAQTRAILSGLLEKSSGSVPKVLSVEDKLRNLGCKAIGSKIVEAEMDLTKAKSEGYLWGNRTAAVDSDKKKQLLAVIGVYTGFGSRLKRNVFRGSWMPRGDALKKLEEKGVVIRFVIGRSANRGDSLDHNIDDENRQTNDFLILESHEEAAEELPSKAKFFFSAAVETWDAEFYVKVEDNINLDLAGLIEMLEGRRGSPGLYMGCMKSGVVISEEGQQWYEPDWWKFGDSKXVFSTCFWFFVILSKNLARYININSX,
SCVPAM1059E12.g#glucan endo- -beta-glucosidase 3-like#XGRVGCLCASTPSLPSRLFSPLLPLLGLLSWHPARSNAGSGRLEVAVKAVVLFFLPVGRGRTGDNPTERLQVTEGRASPCGNMRKLFFVSFVFLLAAAAVHGEDGAYIGVNIGTAMSSVPAPTQITTLLRSQNIRHVRLYDADPAMLAALSNTGIRVIVSVPNEQLLAIGNSNATAANWVARNVAAHFPAVNITAIAVGSEVLSAQPNAAPLLMPAMRYLQNALVAAALDRYIKISTPHSSSIILDSFPPSQAFFNRSLDSVLVPMLKFLQSTGSPLMLNVYPYYDYMRSNGVIPLDYALFRPLPPNKEAVDANTLLHYTNVFDAVVDAAYFAMAYLNVTNVPVMVTETGWPHKGDPSTEPDATSDNADTYNSNLIRHVMNSTGTPKHP,
SCEQRT2028G01.g#isoflavone reductase homolog irl-like#XAIKTRTQRFVPSEFGLDADRSDAVEPARSMFITNKAAIRRAVEAAGVPYTYVLVGYFFGYGLPSIGQVVVDQXTPVDKALVLGDGADTKLVFVDEADIATYTVLAADDPRAENKTLRIGPPANTLSHNQLLALWEEKTDKTFQRVHLPEDAVLKRIQEARFRFRWTSFICRSGTPRTSRGNIPSSRX,
SCVPRZ3027A08.g#tpa: laccase family protein#XHNVSALAGRAIASLAQPYIAILLSIDRLTILCTYIHIYPISGIGIAKRYGGATMFAFLLLFGTLLALLQSSHGTTRYYTFNVTMQNVTRLCTTRAIPTVNGKFPGPKIVTREGDRVVVKVVNNVKDNVTIHWHGVRQLRTGWSDGPAYVTQCPIQTGQSYVYNFTITGQRGTLLWHAHVSWMRATLYGPIVILPKRGVPYPFPVKPYKEVPIIFGEWFNADPEAIIAQALQTGAGPNVSDAFTINGLPGPLYNCSSKDTFRLKVLPGKWYLLRLINAALNDELFFSIANHTLTVVDVDAAYVKPFHTDIVLITPGQTTNVLLRAEPDAGCPAATHLMLARPYGTNPCPANQTCQGPTNRTMFTASMNNVCLTMPTTALLQAHYDNIAGVYTTDFPVAPREPFNYTGTTPNNTNVXSGTKVVVLEYNTSVEVVLQGTSILSAESHPLHX,
SCCCRZ2C04G08.g#glucan endo- -beta-glucosidase 10-like#XYPNQQKVYDVDFVLGGGGSPASSGGSQGNGGLGWQENGGPSSGSTSTSGNPPSGVKVATGEAWCVANAMVGEQRLQAALDYACGPGGADCKAIQPGAACFEPNTMVTHASYAFNDYYQRKGRSIGTCDFAGAAYVVNQAPKMGKCDLPSTV,
SCVPRZ3029G05.g#acidic endochitinase-like#MARSNIPSLPMLLATAFSLAGVAAAGARAGGIAIYWGQNGNEGTLAETCATGNYKFVNVAFLPTFGKGQTPVLNLAGHCDPASNGCTGVGADIKACQRRGIKVLLSIGGGVGSYGLSSPDDARSVAAYLWNNYLGGRSSSTRPLGDAVLDGIDFDIESGG,
SCJLLR1033F06.g#callose synthase 3-like#IEECYASFKNIINDLVQGEPEKRVINKIFVEVEKCISEDKVIADLNMRALPDLYSMFVELVKYLKENDEKDRSAVIKIFQDMLEVVTRDIFDDQLSILESSHGGSYQKHDDTTAWDKEYQLFQPYGAIKFPLQVTTTDAWLEKIKRLELLLTVKESAMDVPSNLEARRRLTFFTNSLFMDMPDAPKVRNMLSFSALTPYYNEPVLFSIKELEEENEDGVSTLFYLQKIYPDEWKNFKERVGLEEELKESEESEESEELKEELRLWASYRGQTLARTVRGMMYYKKSFEXLEAFLDMAKREDLMEGYKAAESVNDEQWKIQQRSLFAQCEAVADMKFTYVVSCQQYGNDKRAALANAQDILQLMRNYSSLRVAYIDEVEDRVGDKKMETAYYSTLVKVALTKDSESADPIQNLDQVIYRIKLPGPAILGEGKPENQNHAIIFTRGEGLQTIDMNQDNYLEEALKMRNLLQEFLTEHGVRRPSILGVREHIFTGSVSSLAWFMSNQEHSFVTIGQRLLANPLKVRFHYGHPDVFDRLFHLTRGGVSKASKSINLSEDIF,
SCEPCL6019C12.g#transferring glycosyl groups#MKATAPPAKRRRGPRLAVLALVFCSLLVPIAFLFNRFPAVYVTDERPQQEINLPSFDRIDVSKKTPGSSSVSHRVLPPPKIEQVVLPPPKVEPKPEVKPVPVAVAVPVHQDQKINPEKIKRPPRVQSADEVEKAKACQLEFGSYCLWSIEHKEVMIDAIVKRLKDQLFVARSYYPSIAKLKGKETLTRELKQNIQEHERVLSESIVDADLPSFIKMKIERMDQSIARAKSCTVDCNNVDRKLRQILHMTEDEAHFHMKQSAYLYNLGVHTMPKSHHCLNMRLTVEYFKSMPLDPNDSSAHKFNIPDNRHYVILSKNVLAASVVINSTVX,
SCACLR1036F02.g#beta-expansin 1a precursor#XAGKGNHRSRAHRAIDLVAGTTRSIDMWWSSSLSSRAVAAALLCLLVAHGSNCAKHNNGGKSHKQGGRGGHAHAHAAPAPAPSPSPPPAAPPGVPPVYPTPTTTPPPASNGSSGGWLNARATWYGAPNGAGPDDNGGACGFKDVNMPPFSAMTSCGNEPLFKDGKGCGSCYQIRCKAHPACSGVPETVIITDMNYYPVAPYHFDLSGTAFGAMAKDDRNDELRHAGIIDIQFKRVPCQYPGLTVTFHIERGSNPNYLAVLVEYENGDGDVVQVDLMESRPDDGEPTGVWEPMRESWGSIWRMDTRRPLHGPFSLRVTNESGKTLVADQVIPADWQPDNVYSSIVQFD,
SCEPSD2006B02.g#alpha-galactosidase precursor#MAGGGGGGSSPARLALVLVVVVAAAAVVACGGKVVHVEEAHRRSMLANGLGSAPPMGWNSWNHFQCDGNGEVVIRETADALVSTGLAALGYRYVNIDDCWAEPQRDAKGNLVANTKTFPHGIKAVADYVHSKGLKLGIYSDAGFQTCAQGPARVPSANE
