SCSFSB1101E12.g#Carbohydrate metabolism|Fructose/Mannose/Galactose|Cell wall|Beta-galactosidase#MAPAAPAGLAAVVVAVAVLAAAVSAAVTYDRKAVVVNGQRRILMSGSIHYPRSVPEMWPDLIQKAKDGGLDVVQTYVFWNGHEPSRGQYYFEGRYDLVHFIKLVKQAGLYVHLRIGPYVCAEWNFGGFPVWLKYVPGISFRTDNEPFKAEMQKFTTKIVDMMKSERLFEWQGGAKSLTRLEIEFGALGVXIQEKPAKAYXSWGSLHWQF$
SCJFRZ2025E06.g#Carbohydrate metabolism|Nucleotide sugar synthesis, conversion and transport|Cell wall|UDP-glucuronate 4-epimerase#TGLRFFTVYGPWGRPDMAYFSFTRNILQGKPITVYRGKDHVDLARDFTYIDDIVKGCIGSLDTAGKSTGTGGKKRGPAPYRIFNLGNTSPVTVPNLVSILEKHLRVKAKKHVVEMPGNGDVPFTHANISLAREQLGYKPTTNLDVGLKKFVKWYLSYYGYTRGSKNSRQ$
SCEPRZ3084C01.g#Cell wall metabolism|cell wall differentiation|Cell wall|glycosyltransferase family 47#MKIXCGKHVVQAPRILLQQLLVVFAGEIIDKDLEPPNRVIFYTSPALPSIRSVSCAATAAMSEQATSMTSARASARALPVPMILTRAAAFPLRHLTLGWSEERGERSR$
SCJFRT1007G04.g#Cell wall metabolism|Other glycan degradation|Cell wall|Glycoside hydrolase family 28 protein (polygalacturonase)#MALRTLDLNAPPLLHILRSLCLLVLAASAAVSGRHHAPSPAHGTGQSMYLAPACRAHTASLADFGGVGDGTTSNTAAFRSAVDHLSQYSGEDAGGAMLYVPAGKWLTGPFNLTSHFTLFLHSDAVILASQDINEWPIIDPLPSYGRGRDKIGGRFASLIGGSNLTDVVITGNNGTIDGQGAMWW$
SCQGRT1045D11.g#Cell wall metabolism|Polysaccharide biosynthesis|Cell wall|Cellulose synthase like (CSL)#LFTKIPERSDAYNAEAKEGVKATXMADGTQWPGTWFDPAENHKKGQHAGIVKVMLNHPGDEPRFGGPASAETPLDFSAVDVRLPMLVYISREKNPSHDHQKKAGAMNVQLRVSALLTNAPFIINFDGDHYVNNSQAFRAAMCFMLDQRDGDNTAFVQFPQRFDDVDPTDRYCNHNRVFFDAXLAWSKWHPGNLLCWHRLQFRRIAVYRIDPTLGELMPSTCGPPHKLGTQCPYQFIPSVATKMVHESRPDMKILSGKANYVLNVLLRRPTLGR$
SCEPRZ1009B07.g#Carbohydrate metabolism|Nucleotide sugar synthesis, conversion and transport|Cell wall|UDP-glucuronate 4-epimerase#XDRTDRPASLYAATKKAGEEIAHVYNHIYGLSLTALRFFTVYGPWGRPDMAYFFFTRDILAGRPITVYESAGGGSHQTTISRDFTYIDDIVKGCVAALDTAGEAQEVEARSEVRHRSGXYNLGNTSPVHVTQLVDLLEKLLKVKAVRKVVKMPRNGDVPYTHANVSLAQRELGYRPSTDLQTGLKKFVRWYLEYYHPELAEKQKLRTSSNGKDSRGGMAAQVAQDDCLLIVFVASPNGVYQNSTSIPXIHQIERLILSANCESGTEVKKHSLGAIIIQKADASLCYLVAKHLIPSSISWFLDDTVPKNFHVMGFGGWHSVA$
SCEQRT1028A12.g#Cell wall metabolism|cell wall differentiation|Cell wall|Pectinacetylesterase#PKSWGLTGSTIKGVVDESTLTPSRVXVKCRSYRSKSFFLNLQQTKLENEKRLVISAQSCVNQEVGRRLLHVGLHGYSQSISFTSCLLPKYQSPTASAIDLSPSLGEIGECHVILKVFDSG$
SCUTAM2086C02.g#Carbohydrate metabolism|.|Cell wall|Glycosyl transferase family 8 (cell wall metabolism, starch metabolism or  lipopolysaccharide biosynthesis)#MFYCMNYLTPIASIRECCTAASVGYHVKVPVPVVSVLWDRNLQPGFEFPTVVDDRGTLKFISSSAEVMAKPRDMPSVLQRQCSVVEDELTQWQX$
SCJLFL3014G04.g#Carbohydrate metabolism|Fructose/Mannose/Galactose|Cell wall|Beta-galactosidase#MDSGISRVSSARHSPARPIYSVSREPQHLISQARVLTISSMQVLCSLSYIQISMLKSNIKLIPVTPDNLCVTIAATFTPCQVDRVTVIVETNMLYELYDSTAYSLNNGSFHSPRAWIPTKYTWNHAYATALLTNAVLPKYVXMTCVHGNHLQNSSRRSPVVCQSWQILCQLSSVHDHTGGGSWLSHXSFVRQFVIDGCHSETSAQILPVVLFTIEIPVDHPRVRPRVRPRVR$
SCACAM2044H10.g#Cell wall metabolism|cell wall differentiation|Cell wall|Xyloglucan endotransglycosylase/hydrolase (XTH)#XSPSYPHPVLLSSVHHGLFTSIHPSHCPKSISLLSGPALVCSFRLPLRRSRHARFYGRTRRLLAVAVLSVALSLATATEAVAGGDHNFQRDFDVVWGAGNARFRDGGRTVELSLDERTGARLQSKQRYLFGKFDLEMKLVPGESAGTITSFYICTGGARHDEVDFEFLGNASGX$
SCCCCL7002H01.g#Pathogen Resistance|induced by biotic and abiotic stress and hormone|Cell wall|chitinase#LKLHRSKEALSPELIDALIISKYGKLADDPDGSGFGLLALLCAVGPAAAQNCGCQPDFCCSQYGYCGQTKEYCGPGCRSGPCTGSGGGSGSGSGANVANVVTDAFFNGITSQAGSGCEGTNFYSRAAFLNAASAYSGFAQGGSEDDGKREIAAFFAHATHETGHFCYISEINKNDDYCDSSYTQWPCA$
SCSGST3117H09.g#Carbohydrate metabolism|several pathways (several putative substrates)|Cell wall|glucosyltransferase#ASSDEQQQPLHILFFPFIAHGHLIPVAAMAALFSSRGIKCTILTTPVNATVIRSAVDQANDAFRGTDALAIHISSIPFPDVGLPPGVESVVGISSEADLHKLLEGVQRLRKPLDRFLAEHHPVPDAVVVDSFYLWAADVAAEHGIPRLSFLGSSLFXRACDDSLLRNNPFALAPDDPDAVVVLPELPPGATPNAXGTRVKSTY$
SCEZRZ3127E03.g#Cell wall metabolism|Phenylpropanoid biosynthesis|Cell wall|caffeic acid 3-O-methyltransferase#XEIMLINHDTGLTVSWYYLYDPALDRWIRFTMGAGMTALQYRGTDPHLNHVFSQDMKNLSVLSAKSFLSYTRAYRACTRLLSGRWDRSHTAHHHAPTTRRSRRMNFIPTPPDLEAAPFHGVQHLCDDMLTSVPDDDAILTKRILHDWIDSHCATRGNXLLDPLPNTAKRFYSNGWLAAITEAWPKDQAEFPLDRTCFLITNAFRSKAIGIFTHYLGSGCFQVQGHLFKEGVGALESLNKNPNWLLPHETLMDHVGPFPYPHFFFLSKIGDGRFPTPQKQHPGLIWGLLLSGVVANFPMGALW$
SCAGSD1041B12.g#Cell wall metabolism|Phenylpropanoid biosynthesis|Cell wall|isoflavone reductase/pinoresinol reductase (lignan biosynthesis)#XPPSNILSHNELISLWEKKVGKTFERVYIPEDDVLKKIKESPIPLNRALSISHSGWVKGDHTNFEIDPFFGVEATDLYPDVKYTTVDEYLNKFL$
SCCCLR1C04H10.g#Cell wall metabolism|cell wall differentiation|Cell wall|Mannan endo-1,4-beta-mannosidase#XNVYIAILTLFLILFHSGICVDFLSTHMISLALVFRKPCVTFLIRAWVYXTSHNMPSLLSMPARCCLMDLIGSVLINQLPGKNRIVTHGIGVGVEQPDVFSRGGAVASSDAARVCSSPASSSWPPAAXPPAMPTGAHNSQCAAEEPPFPYLVPVRRPLSSTLKHSPGSCPSGSTPTSSHMFTAXPYETNSTCLIYDEPMTSTNWDTDDPTAEPSLYTPCASIRT$
SCSGRT2066G06.b#Cell wall metabolism|Other glycan degradation|Cell wall|beta-1,3-glucanase Glycosyl hydrolases family 17#XQGGALPSLPIGVNYGANADNLPTPAAVATFLATKTTIDRVKLFDANPAFLDAFAANAPAISLAVSIPNALLPTFVDKSAGLDAARGWVRDNLSPHVAAGANVTLLLAGNEVLGPTVVPDLVVALLPAMRRLAQALQLESLPGVRVTTPHYLGILAPSDGIPSNARFRPGLDAKVLAPMLKFHNDTGSPFMVNAYPYFSYNAATLNYAVFRPNAGVYDPGKKLNYTSMFDAQMDAILHGIKRLGYGAGVEIAVRGSRVCQPRRKAGQVGVGA$
SCRUAD1131C06.g#Carbohydrate metabolism|several pathways (several putative substrates)|Cell wall|glucosyltransferase#XPRVRLKLAVALLHITAQQARXIDMGSIAADADRRPHAVCVPFPAQGHVTPMLKLAKILHSRGFHITFVNTEFNHRRLLRSRGAGALDGLPDFRFAAIPEGLPPSDADATQDVPSLCRATMENCLPHFRSLLAELNSSPDAPPVTCVVGDDVMSFTLEAAREIGVPCALFWTASVCGYMGYRYYRDLMEKGIF$
SCCCRT2004C04.g#Cell wall metabolism|Other glycan degradation|Cell wall|beta-1,3-glucanase Glycosyl hydrolases family 17#MAKQGVASMLALALLLGAFAAIPTGVHSIGVCYGVNGDNLPSASDVVQLYQSNGINLMRIYFPDTNALNALSGSNIGVIMDVPNSALSSLASDPSAAATWVQSNVQAFPGVNFKYIAVGNEVSGGDTNNILPAMQNVNSALANARLGNIKVSTAVQSGVTQGFPPSQGSFSQGYMGPIAQYLQSTGAPLLCNVYPYFSYTGNEAQIDLSYALFTSSGTVVQDGGNAYQNLFDALVDTFVSALENAGAGNVGVVVSESGX$
SCEPRZ1009D10.g#Cell wall metabolism|Other glycan degradation|Cell wall|pectinesterase family protein#XXXXRNTAGAARGQAVALRVNADLAALYRCGVEAHQDALYAHSFRQFYRECAVSGTVDVVFGDAAAVLQGCALLARAPLPGQSVVLTAQGRADPNEDTGIALHHCTVSAAGAGLPAGTRVFLGRPWGTYARAVVMDSYLGQIVDREGWLEWPGAEPGRGDTVYFGEYGNEGPGADTEGRVDWAGVRQMEYDEAAQFAVENFIYGDEWLGATSFPYDDDV$
SCSBFL1045D03.g#Cell wall metabolism|Other glycan degradation|Cell wall|beta-1,3-glucanase Glycosyl hydrolases family 17#PVDNALFRPLPPSQEMVDPNTLLHYTNVFDAMLDAVRVAVRNLNATGGPSVPILVTETGWPSYGDRRAEPYATRDNADAYNSNLIKHVLEDKPGTPMAPGAGAQSSAYIYELFNEDLRPGPVSEANWGLFYGNGTPVYLLHVSGADGFLGNDTTDRTFCVAADDADEKAGQAAMDWACGPGRADCTAIQPRQACYQADDVRSHASVA$
SCQGHR1012D12.g#Cell wall metabolism|cell wall differentiation|Cell wall|glycosyltransferase family 47#XAGLMIGNSESDPLTSYPISGSGELSEHAAPPSLQPRHQVGALLLVAATFLLTRLFDRLLLDTSSSAPINPGRPSSSADLRIYVYAEDEIQGLRALLRGRDGTITAATCLKGQWGTQVKIHQFLLKSRFRTFNEDQANLFFVPSYVKCVRMTGALSDKEINQTYVKVLSQMPYFRRSGGRDHIFVFPSGAGAHLFRSWATFLNRSIILTPEGDRTDKRGTSAFNTWERY$
SCEQSD1074F04.g#Carbohydrate metabolism|several pathways (several putative substrates)|Cell wall|glucosyltransferase#XYVAGLAEARAMKVWTVGPVSLFHQRMATLASRGNTAAIGADECLRWLDGKEPNSVVYVSFGSLAHAQPKQVLELGLGLEASGHPFIWVVKNAEQYGEEVGEFLHELEARVAGRGLLIRGWAPQVLILSHAATGSFVTHCGWNSTMEAVTAGLPVVTWPHFSDQFLNAKLAVEVLGIGVDVGVREPLMYQLEEKEIVVAKDVVEKAVRDVMHGGDEGEERRRRARPLA$
SCJLRT1022H07.g#Cell wall metabolism|Other glycan degradation|Cell wall|beta-1,3-glucanase Glycosyl hydrolases family 17#XSLSISLLGQKSKAFLFRPWSFLVWVAAGHKPLHPAGAGAGVTCPARLLRSIVSSDRVGSRDLARLRSAGGVGDPMANLPALRPWLCLLAAMAAVSAPWPPADALGMNWGTQATHPLPPKIVAQLLRDNGIKKVKLFDADQETLSALAGTGIEVMVAIPNVMLDTMTDYDTAKEWVRHNVSRYNFDGGVTIKYVAVGNEPFLAGYNGTFDQVTFPALHNIXNALNEAG$
SCSGFL1081C10.g#Carbohydrate metabolism|Sucrose/trehalose/sorbitol and other mono/oligosaccharides|Cell wall|cell wall invertase#XNLSDPYLREWIKPDNNPLIQPVGQGLNPKQFRDPDDRLDWTRWTVEDAVGAELNGYGAALLYKSEDFVHWTRVDHPLYSSNASTMWECPDFFAVLPGKNIGLDLSAVIPNGAKHVLKMSLDSCDKYMIGVYDLKSDAFVPDTVLEDRRLWVQIDYGNYYASXSFFDSKKIQRIIWGWTNEANRSVR$
SCCCCL6024F07.g#Cell wall metabolism|Phenylpropanoid biosynthesis|Cell wall|Cinnamoyl-coA reductase (CCR)#XEYLQSWRVKVSEGGGPWLRSENGFHGRQVWEFDPDDAGRHAXRSAPKSAAEPGLQPPPLPELIVDPRLGMAPPPSVGVLRFAYWVSPLHLGNSNQQELVCVTGAGGFIGSWVVKELLQRGYRVRGTARDPADSKNAHLLALEGAKERLTLCRADVLDRASLHAAFAGCHGVFHVASPVSNDPELVPVAVEGTRNVINVAADEGARRVVFTSSYGAVHMDPSRSPDAVLDETCWSDYDFCKRTDNLYCCAKMMAEITATEEAAARGLQLAVVLPCMTMGPMLQQTLNISNYHVARYVMGTKRSYPNAVAAYVDVRDVARAHVLVYERPAARGRYLCIGAVLHRAELMAMIRELFPKYPVTAKCEDDGKPMAKPYRFSNQRLRDQGLEFTPLRKSLYETVVCLQHKGHVPVIKQKQRASL$
SCRLRT3031H06.g#Cell wall metabolism|cell wall growth/extension|Cell wall|Expansin#MQWAASGGCVCMYVSQYYLSTTTMSIXAISCIKKEPGIQDGALX$
SCCCRT1002F03.g#Cell wall metabolism|cell wall differentiation|Cell wall|Xyloglucan endotransglycosylase/hydrolase (XTH)#MAAASVDAQPSPGYYPSSRYRTVPFNRAYTNKWGPQHQTLSGDHSALTIWLDRTCGSGFKSKHAYRNGYFSTRIKLPAGYTAGTNTAFYLSNNEAHPGFHDEIDMEFLGTIPGEPYTLQTNVYVRGSGDGRIVGREMRFHLWFDPTAGYHTYAILWNPDAITFFVDDVPVRRYERRAELTFPDRPMWVYGSIWDASDWATDDGRHRADYRYQPFVARLDRFVVAGCSVNAPPACRPVPASPAGAGLTAQQYAAMQVAQREHMVYYYCNDFRRDHSLTPEC$
SCJFRT2058E08.g#Cell wall metabolism|Phenylpropanoid biosynthesis|Cell wall|Cinnamoyl-coA reductase (CCR)#MTVVDAVSTDAAGAPAAAAAPVQQPGNGQTVCVTGAAGYIASWLVKLLLEKGYTVKGTVRNPDDPKNAHLKALDGAAERLILCKADLLDYDAICGAVQGCHGVFHTASPVTDDPEQMVEPAVRGTEYVINAAAEAGTVRRVVFTX$
SCRLFL1005A12.g#Cell wall metabolism|cell wall differentiation|Cell wall|Fucosyltransferase#XSSKPPTPRRREAGTSKPSTHGSKIKTRAGSFKATQEEAVGAGRRVWEREMDVKRSRSPRAPAEDDKKRAGAWRGSGVRPEMVLIGFLLTLPLLFLVFGGSSFPSSSPATSSSPPVVSKPVARHVDAGDRGATPXGQKPVALKNVSASTATSVSQDKLLGGLLSAAFDESSCQSRYKSNLYXEPISFPLSPLLVQKLRKYEAYHKKCG$
SCQSRT2031D12.g#Cell wall metabolism|Other glycan degradation|Cell wall|beta-1,3-glucanase Glycosyl hydrolases family 17#MARQQQVASSTLAVALLVATFASIPTTVHSIGVCYGMLGNNLPSSSDVVQLYRSKGIKGMRIYSPNANALNALRNSGIDVMLDTGNDELSRLAGSASYAASWVQSNVKPYYPAVNIKYIAVGNEVQGGATQSILPAMRNLDGALSRAGLSAIKCSTSVRFDVIANSYPPSSGSFAQGYMADVARYLAGTGAPLLANVYPYFAYRDNPRDISLGYATFQPGTTVRDNGNGLTYTNLFDAMVDAVVAALEKAGAGGVRIVVSESGWPSAGGFGASVDNARNYNQGLIDHVGRGTPKRPGALETFIFAMFNENQKSGDPTEKNFGLFYGNKQPVYPIRFT$
SCBFSD1037A08.g#Pathogen Resistance|induced by biotic and abiotic stress and hormone|Cell wall|chitinase#VRFPFDPRVRNKVRFSKETSRQKLKAVIRYGKHDEDLAVLALGLALLCGAAGPAAAQNCGCQPGYCCSQYGYCGTTDAYCGKXVSRGVSLGWGGGGGGGSGANVASVVTDAFFNGIKNQAPNWCEGKNFYTRSAFLNAVNAYPGFAHGGSEVEGKREIAAFFAHVTHETGHFCYINEINGASRNYCDANNRQWPCVPGKKYYGRGP$
SCVPRT2077B02.g#Cell wall metabolism|cell wall growth/extension|Cell wall|Expansin#MAKSCTLLMFGALVVLLLLVSPIACSRKLAKPNNHRPMPRHKPAVRARSNHTATPSVSDAYGSGGWLSAGATYYGAPDGDGSDGGACGYQTAVGQRPFSSMIAAGSPSLFKGGKGCGACYEVKCDGNAACSGQPATVVITDECPGGVCLAEAAHFDMSGTSMGAMAKPGMADKLRAAGILKVQYKRVPCKYSGINIAFRVDQGSNPFYFEVLVEFEDGDGDLSAVDLMEAXVRNLDADGAELGRSV$
SCSBAD1050B01.g#Cell wall metabolism|Polysaccharide biosynthesis|Cell wall|1,3-beta-glucan synthase (putative callose synthase)#MYIILRSSTKNNLISLTIISLVITSTCLEATVPHYQTLRHLFLSAGDQHNVSITFNT$
SCSBFL1105D12.b#Carbohydrate metabolism|several pathways (several putative substrates)|Cell wall|glucosyltransferase#XDRDFHTVLPEGFLERTRGRGLVVKLWAPQVEVLRHKATGAFITPLRVELCTGSHHGWRADALLATDAEQKMNKVLMVEEIGIGVDLAGWQHGLVKAEELEAKVRLVMESEEGERLRARVTVHKEAAAMVWKDGGSSHMAFGQFLSDVGRVEPDLYLVDTLDCEESKHMHPLLKILYFYI$
SCCCLR1048B09.g#Cell wall metabolism|cell wall growth/extension|Cell wall|Expansin#MATRQAVLVAVVLAALFSLALSRGLGLGHHHAQPQPHGHAPLGGGAWSSAHATFYGGGDASGTMGGACGYGNLYSQGYGTNTAALSTALFNNGLSCGACFEVRCDAAGGGSHSCLPGSVVVTATNFCPPNNALPSDDGGWCNPPRAHFDMSQPVFQRIALYRAGIVPVSYRRSVVKPNRCFVFPISVCFAPRAKLEKELEQIDRVAHVCFLSLSYVMQGCCNKKGGIRFTINAXSYFNLVLVTNVGGAGDVHAVAVKAERSAGWQALSRNWGQNWQSNTLLDGQALSFRVTTSDGRSVVSNNAAPHGWAFGQTFSGAQFNXNSPTVRSRSVVDSATQWHYTSSSLVVVESSSPIGACRWAPWFYEWCIXALALGNLPVVRPRISXGFYRAGVSLVCVIVFLGCFGLGIGSGGKAGLEINXRQAALYHPPIMRFGPDVGGLLR$
SCJLRT1022G03.g#Cell wall metabolism|Other glycan degradation|Cell wall|beta-1,3-glucanase Glycosyl hydrolases family 17#MEASSLALVAAVLLLSSTLAASDFCVCRSDQPTAVLQKAIDFACGPQGGADCTAILQGGGCYNPNTVAAHCSWAANSYYQNNKARGATCDFGGAATVSTTDPSFSGCTFASSATSAGAGTGTAGTTTAGGATTGTGTGTGTLSPGVGTGGFNGTGMGGSTLGPMGNTLDAAAPGL$
SCVPRZ2038D07.g#Carbohydrate metabolism|Nucleotide sugar synthesis, conversion and transport|Cell wall|GDP-mannose 4,6-dehydratase (putative Arabidopsis mur1 gene)#MTLLLLTSTAAIRQAYHPLPNTKLAWIIHSFDKAHNIVRKVNEDTVRSYCNHPYFLPGEVSIVTSVNLYPENHHVYELQGNNLNPTNRARSNYGCCLGSRYPASTXYLLLLGELNVVINHHLHELLEPNLGLPFEHPPGLGGVPLEAVDLCRPEVLLVNDHMILPVEPGEPKAACKNSSTVWDSSVATT$
SCSBST3099C12.g#Cell wall metabolism|cell wall differentiation|Cell wall|Xyloglucan endotransglycosylase/hydrolase (XTH)#MASRRVSVLLSVLLAYSAAVAVAAAANFNQEFDITWGDGRGKILDNGQLLTLTLDRTSGSGFQSRHEYLFGKIDMQLKLVPGNSAGTVTAYYLSSQGSTHDEIDFEFLGNVSGEPYTLHTNVFTXGQGQREQQFRSGSTPPRTFIPTPFSGTPST$
SCBFST3133B05.g#Cell wall metabolism|cell wall differentiation|Cell wall|Xyloglucan endotransglycosylase/hydrolase (XTH)#HNDLLHIALARSACVTACKAAALACEMMSERNLRLARRRALPPAIAVVVVLLLGHHHPRALVQAQPSPGYFPSSTVRSTAFSEDYDNLWGPQHQTLSQDKMALTLLMDRTSGSGFKSKRSYRNGYFGVSIKVQPGYTAGVNTAFYLSNNELYPGKHDEIDMELX$
SCEQSD1077C11.g#Carbohydrate metabolism|Sucrose/trehalose/sorbitol and other mono/oligosaccharides|Cell wall|cell wall invertase#XRGAAVEGGVGPFGLWVLASANREERTAVFFRVFRPARGGGDKPVVLMCTDPCKSSLDPNLYQPTFAGFVDTDISNGKISLRSLIDRSVVESFGAGGKTCILSRVYPSLAIGKNARLYVFNNGKADVKVSRLTAWEMKKPLMNGA$
SCMCRT2085B12.g#Cell wall metabolism|Polysaccharide biosynthesis|Cell wall|1,3-beta-glucan synthase (putative callose synthase)#IEGKEVIVNNCPHKVYSSVLIKAENNLDQEIYRIKLPGPPIIGEGKPENQNHAIVFTRGEALQTIDMNQDNYLEEAYKMRNVLQEFVRRPTDQSPTILGLREHIFTGSVSSLX$
SCQGRT1040D08.g#Cell wall metabolism|Structural proteins of the cell wall|Cell wall|Fasciclin-like arabinogalactan protein#PPPPPPAPSTSPPPAASSMARLAILVMLLAASSALSAAQKASPKPAAKAAPGPASPGGGAADAAPPTDINKALKDSQFSEFKQLLHDTRVDTQINAQLTDSYNGLTIVAPTNAAFDKMKAGVLNGLSPQEQIQMVLYCVMPRFYSLSMLGTLNGKVTTQGSGHDGPYKYDIERSGNNINVSTGVNWMLLGSPVSKDFPLAIYPVDKVPLPYELFGPKAATPAPAPAPGPAKFK$
SCQGSB1140E04.g#Cell wall metabolism|Other glycan degradation|Cell wall|beta-1,3-glucanase Glycosyl hydrolases family 17#YFQLFLRASEKCPWLTANQILGHKDMSSKRVHGVFTLLMLLVFNVSGAFVGITIGNDMSNMPPATDIVSILKAKKIQHVRLLDSDHQMLTALANTGIEVMVGVPNDQLLRVGQSRSTAADWINKNVAAYIPATNITYIAVGNEVLTTIPNAALVLVPALQFLQSALLAANLNTQVKISSPHSMDVIS$
SCQSRT1034D12.g#Cell wall metabolism|cell wall growth/extension|Cell wall|Expansin#MAANDAVPTTTSSSPAPTGWLKAHATFYGGADASDTMGGACGYGNLYSQGYGTRTAALSTPLFNNGASCGQCYKIACDRKRADPRFCKPGVTVTVTATNFCPPNSALPDGGWCNQQRPHFDMAQPAFEKIGVYSGGIIPVIYKRVSLHEARWGGFTINGHDYFNLVLVTNVAAAGSIKSMEVKASNSSNWSPLARNWGANWHFLAYLTGQMLSFRLTDTDGKTIEFTNVVPQGWKFGQTFASKLQFK$
SCQGLB2043F08.g#Carbohydrate metabolism|.|Cell wall|Glycosyl transferase family 8 (cell wall metabolism, starch metabolism or  lipopolysaccharide biosynthesis)#TANYLSGNINSSRIFSPVFFLAYTVYVAEXAEPFPVHNEYCEVLVNFLCKMTCPFHFSVCSEQGYPFPFHNEYCEVLFNLLCKMSCPFQYVLAGVQSPFQLNAVKATISSSXLQIDGQTDEIAAEEDERISKSPPDTKEKIWMMQDQLIMAKAYLHFASPQGSVHLVRELKLRIKEIERAISHSSGGSHVPGSVLQKMNAMELTLSKAQRDYPRCSQMTS$
SCQGRT1040G03.g#Cell wall metabolism|cell wall growth/extension|Cell wall|Expansin#MAPARVLRFVSVAVACLLAMAAAGEAATSGTRTPTGWLKAHATFYGGADASDTMGGACGYGNLYSQGYGTRTAALSTALFNDGASCGQCYKIACDRNRAEPRFCKPGVTVTVT$
SCCCST1008E11.g#Cell wall metabolism|Other glycan degradation|Cell wall|beta-1,3-glucanase Glycosyl hydrolases family 17#MKALVVTVLLLLSSTLAASQWCVCRQDAAQAALQKTIDYACGSGADCNSIHENGACYNPNTVPAHCSWAANSYYQNNKAKGATCDFTGTATLTTSDPSSSGCSYPTSASAAGTMTPTTGGTMGGTPGTFTPGTGTGTGTTGTGMGTGTTTGTTGFGGLGPGTNAGMDTAAAAGX$
SCEZRT2017G09.g#Cell wall metabolism|Polysaccharide biosynthesis|Cell wall|Cellulose synthase like (CSL)#XSVRFMILLRLIAIIAFFIWRIRNRNRDGVWLWATSMVGDVWFGFSWVLNQLPKLNPTKRVPDLAAIRDQHESSTSGESNSNLPGIDVFLTTVDPVDEPILYTVNSILSILATDYPVEKYACYLSDDGGTLVHYEAMLEVASFAKLWAPFCRKHGVEPRAPESYFGVKRQPYTGSMQEEFTSDHRRVRREYEEFKVRIDSLFSTIYQRSEAYNRKHAKDEDGVLKATW$
SCRLFL4058B10.g#Cell wall metabolism|Other glycan degradation|Cell wall|Glycoside hydrolase family 28 protein (polygalacturonase)#XSWPLIDPLPSYGRGRELPGGRYMSLIHGHGLQDVFITGENGTIDGQGSVWWDMWKKRTLPFTRPHLLELMYSTDVVVSNVVFQDCRFGTSTQSTAGEHSEWIACRYKEGGEPHFSVQLLPCFCLFLLHSRASAGALTCYSVVSGTNILVKQYNYMEARSQLTDILELNIDVDLIPMSDRLKGPNLQKTTALLNDECGFMGVYAAMSIANVTCVGPHDFQNTVGI$
SCQGRT1041B06.g#Carbohydrate metabolism|several pathways (several putative substrates)|Cell wall|glucosyltransferase#MASATQALGHNNLDASERTTHFVLVPLMAQGHTIPMTDMAYLLAKHGAQVSFITTPLNASRITGFIDHAEASGLAIQFIKLRFPAVEFGLPEGCENADMIKSKDLFNKFFGLPAHALLEPTRWNYSVHQWSISQSGFILINDCLGWTWLNYPGKFGIPRGLKFY$
