SCEPLR1030F06.g#probable rhamnose biosynthetic enzyme 1#MATYEPKNILITGAAGFIASHVANRLVRNYPHYKIVVLDKLDYCSSLKNLNPSRASPNLKFVKGDIASADLVNHLLVTESIDTIMHFAAQTHVDNSFGNSFEFTKNNIYGTHVLLEACKVTGQIRRFIHVSTDEVYGETDEDAVVGNHEASQLLPTNPYSATKAGAEMLVMAYGRSYGLPVITTRGNNVYGPNQFPEKLIPKFILLAMRGLPLPIHGDGSNVRSYLYCEDVAEAFEVVLHKGEVGHVYNIGTVKERRVIDVAKDICRLFGLDTEKVIRFVENRPFNDQRYFLDDQKLKRLGWAERTPWEEGLKKTIEWYTTNPDYWGDVTGALLPHPRMLMTPGVERHNWTEEIKSLTSSPAEASTTAPATSTKRTTDAPQKPLYKFLIYGRTGWIGGLLGKICDKQGIPYEYGKGRLEERSQLLEDIRNVKPTHVFNAAGVTGRPNVDWCETHKQDTIRTNVVGTLNLADVCREQGLLVINYATGCIFEYDAKHPEGSGIGFKEEDTPNFTGSFYSKTKAMVEELLKEYDNVCTLRVRMPISSDLSNPRNFITKIARYDKVVNIPNSMTILDELLPISIEMAKRDCRGIWNFTNPGVVSHNEILEMYKKYINPDFKWTNFTLEEQAKVIVAPRSNNEMDASKLKAEFPQLLSIKDSLIKYALSLTGRFRLFEDLGYKXTLKYWLLVLDIKLAIYVGGGTVVVVDTSGTLTGIPLVCQFCYASSFNRTLRSLMFYIVDDMLRCGYQ,
SCSGRT2065B08.b#anthocyanidin -o-glucosyltransferase#PGRLLDREDVGELSELLGEGFLRRVQGGGLMTKSWVEQEEVLRHPAVALFVSHCGWDSVTESASTGVPLLEXPRFADQRVNARVVARAGLGVWAEQWSWEGEEXVVRPEEIAELVTEAMGDDAMAEKAANVREAASRAVADGGTSYLSLAAFVXSLHGVREVVLGLVIQCTWIDDNICTSKRALKX,
SCJLAM1062E03.g#xyloglucan endotransglycosylase#MRACGVLRRRLALALFSVALSVAVATAAVAGSDHNFHRDFDVVWGAGNARFRDGGRTVELSLDERTGARLQSKQRYLFGRFDLEMKLVPGESAGTITSFYICTGGARHDEVDFEFLGNASGEPYLLDTNX,
SCEPRT2046F04.g#cinnamoyl- reductase 1-like#MAAAGDGGLLVCVTGASGFIGSWLVRCLLDRGYTVHATVKNLQDEGETKHLQAMGGADTRLRLFQMDLVDPPSVRPAIEGAHGVFHLASPMILQAEDPEKELLEPAVKGTLNVLRAAKDCGVGRVVLMSSQAAMVPNPNWPAGKVIDDDVGPTLSCSRSFRFGIAYPKHWQRRPHGSLPNX,
SCRFLR1055B07.g#glucan endo- -beta-glucosidase 4 precursor#MRGGDRPSASLLLFSLGLVLVYFTSGSTVGLVEGQKTWCIAKPSASNEILAQNLDYACSQVSCAVIQKGGPCYYPDSLVSRAAVAMNLYYAYSGRHSWNCYFNNSALVVQSIQVMVRARTTDDLLRRRRESGRVVPIVEATQIKLLMMIDADERDPSCPAAFXMQIVGFSSQSANLPNADCCDVLCLGSRDAVDIWRSPTKSLMLVHVLSNSNSLQRCCIX,
SCJFLR1013A11.g#dirigent protein 22-like#MAIKQKGVTTTFLLFLVLAVVAVEAQLQDETTAAVGHAGKRRANKASTADAPTHLHFYFHDTVSGKSPTAVRVVSPPAGASSSPMSMFGMVNVMDDPLTEGPEQGSATVGRAQGLYMGSDQARLGFLQAMNLVFTAGDYNGSTLALLGRNCPLDAVRELPVVGGTGTFRFARGYALLRTHWLDLSTGDATVEYDVYVMH,
SCMCCL6051E03.g#lysosomal alpha-mannosidase-like#XYSTPSIYTVAKYAANEQWPLKTNDFFPYADNPNAYWTGYFTSRPALKRYVRMMSGYYLAARQLEFFKGRHSSGLSTDSLGDALALAQHHDAVTGTEKQHVANDYAKRLSIGYIQAQELVSTSLACLTESGSKSRCSSPMTKFSQCLLLNVTYCPPAEMDLTKGKSSVVLVYNSLGWKREDILRIPVFSDSNCV,
SCJFLR1017G12.g#endo-beta- -glucanase precursor#XLRLSYMVGYGRRYPVRVHHRGASIVAHKANSRFIGCMQGFDDWFGRGRSNPNVLAGAIVGGPNCRDEFRDDRGNYMQTEACTYNTAPMVGVFARLHRLATAEGCRRRGTADEAECR,
SCCCCL4012H06.g#cellulose synthase a catalytic subunit 5#XSDLNDFDSDRDIPRCAESKQQLSRKLPIPSSKINPYRIVISLRLAILALFFHYRILNPVHDAHWLWLTSVICEIWFTFSWILDQFPKWHPIQRETYLDRLSLRYEKEGKPPELAPIDVFVSTVDPMKEHPLIIANTVLSILAVDYPVDKVCCYVSDDGAAMLTFEALTETCLFARKWVPFCKKHKIEPRAPEWYFAQKIDYLREKVHPEFVRERRAMKREYEEFKVRINAVVANSRKVPEGGWSLPEGAPWHGNNVRDHAGMX,
SCBGST3109D05.g#protein notum homolog#KTSRPPSRRSTTGTDAGPLHATTFSCASCGAVSAVXVLTLSRYAAGPAASPSYGHRLPALVDITLVYGATDKGAVCLDGRRLPTTSFQDSGTDPTTGFSTWRAEAGAAISNHVLARKKTNLGSSAHMDTRAEFVGILSDDQSQNPDFYNWNKVKIRYCDGASFSGHVQDQVKKNGTGFFFRGQRVWEAVMAELLAKGLARAKQAFLTGCSAGGLSTYIHCDDFRALLPHTPTVKX,
SCRULR1020A02.g#beta-glucosidase 16-like#XQSHVGGGALRSQRQGAREGEATTTCPAMATARAIAAAATALAAVLVALLAPAARGVDRSEFPPGFLFGAATSAYQIEGAYLEDGKGLCNWDVFTHTHTGGIMDGRTGDVADDHYHRYMGDLEILQSLGVNAYRFSISWARILPRGRLGGVNAGGIAFYNRLIDALLQKGIQPFVTLNHFDMPHELEVRYVGWLGAGIREEYAYYADVCFGAFGDRVRFWTTFNEPNLX,
SCQSST1037F05.g#udp-glucose pyrophosphorylase#XIEIHTFNQSQYPRIVTEDFLPLPSKGKSGKDGWYPPGHGDVFPSLNNSGKLDILLAQVSRSHIKLLSVVGSISDLETDFVLYGFQILXLFRFILHLNINCCSLLHYEGLLHERISYIPLQCTIVVRDXINHISLFEALQCFLCKESASFGXKIKGKLVSEAMNIEVVSLFFLRNKTEIAMQLPEAFYGLIIETTKYTDSLTEHLSLCFANLFPNPLYQGKEYVFIANSDNLGAIVDX,
SCRLSB1040A04.g#probable xyloglucan endotransglucosylase hydrolase protein 32#MAAAAPAGHRHALLGVGAAAPPLLLLLLLLVAAAADAQQPPSPGFYPSKRYRVRPFSRDFRALWGAQHQSVSGTGDGGGVTIWLDSTSGSGFKSRRAFRSGYFGASGKLQAGYTXGGDHGFYLFNADAHP,
SCJFLR1017B09.g#cellulose synthase a catalytic subunit 4#XHSLTPKPPTSTRGSPRPRVGVRRRSHYGVGGGPGLRRGGDDARAACRACSYALCRACLDEDAAEGRTTCARCGGNYAAIDPAHGNEGAEAEEHHAAGGLRERVTMGSHLSDRQDEVSHARTMSSLSGIGSELNDESGKPIWKNRVESWKEKKNEKKASAKKAAAKAQPPPVEEQIMDEKDLTDAYEPLSRVIPISKNKLTPYRAVIIMRLIVLGLFFHYRITNPVNSAFGLWMTSVICEIWFGFSWILDQFPKWYPINRETYVDRLTARYGDGEESGLAPVDFFVSTVDPLKEPPLITANTVLSILAVDYPVEKISCYVSDDGSAMLTFESLAETAEFARKWVPFCKKYAIEPRAPEFYFSQKIDYLKDKIHPSFVKERRAMKRDYEEYKVRINALVAKAQKTPEEGWIMQDGTPWPGNNPRDHPGMIQVFLGETGARDFDGNELPRLVYVSREKRPGYQHHKKAGAMNALVRVSAVLTNAPYILNLDCDHYVNNSKAVREAMCFMMDPTVGRDVCYVQFPQRFDGIDRSDRYANRNVVFFDVNMKGLDGIQGPVYVGTGCCFYRQALYGYGPPSLPALPKSSICSWCCCCCPKKKVERSEREINRDSRREDLESAIFNLREIDNYDEYERSMLISQMSFEKSFGLSSVFIESTLMENGGVPESANPSTLIKEAIHVISCGYEEKTEWGKEIGWIYGSVTEDILTGFKMQCRGWRSIYCMPVRPAFKGSAPINLSDRLHQVLRWALGSVEIFLSRHCPLWYGYGGGRLKWLQRLSYINTIVYPFTSLPLVAYCCLPAICLLTGKFIIPTLSNAATIWFLGLFMSIILTSVLELRWSGIGIEDWWRNEQFWVIGGVSAHLFAVFQGILKMIAGLDTNFTVTAKATDDTEFGELYVFKWTTVLIPPTSILVLNLVGVVAGFSAALNSGYESWGPLFGKVFFAMWVIMHLYPFLKGLMGRQNRTPTIVVLWSVLLASVFSLLWVKIDPFVGGTETSTPTTATQSSADSPSVSWCRA,
SCEPAM1018G08.g#beta- -galactosyltransferase 6#XFVLLDLEEEYSRLPYKTLAFFKAAYALYDSDFYVKADDDIYLRPDRLSLLLAKERSHPQTYIGCMKKGPVFTDPKLKWYEPQSFLLGSEYFLHAYGPIYALSADVVASLVALRNNSFRMFSNEDVTIGSWMLAMNVNHENTHALCEPDCTESSIAVWDIPKCSGLCHPEVKMLELHQRKECTGGPTVAAEVSELRIDVFFVGAQTTDLIVDLCPHPVNVFGDSFDSSGAIIVRTLLRKPILAGVKPNTVAKAFSFSISGHNSLHCFFLQWX,
SCACAD1036B04.g#sucrose-phosphate synthase#MAGNDNWINSYLDAILDAGKAAIGGDRPSLLLRERGHFSPARYFVEEVITGYDETDLYKTWLRANAMRSPQERNTRLENMTWRIWNLARKKKEFEKEEACRLSKRQPETEKTRADATADMSEDLFEGEKGEDAGDPSVAYGDSTTGSSPKTSSIDKLYIVLIRLHGLVRGENMX,
SCBFST3136F06.g#carboxylic ester hydrolase#MATELRSPLLPLPPPPPQRQRRVGAAAAWAAAALAVSATVVVLLLPFLIASSFGGTSTTGCSTSTRHPARPRSSSSNNPVELTLLTAAHDKGAVCLDGSPPGYHLQAGSGAGSSSWLIHLMGGGWCDTVRSCSGRSRTSLGSSLFMEKLMNFSGILSNDPAQNPDFYSWNRVFVRYCDGAX,
SCMCSD1062H02.g#flavonoid 3 -hydroxylase#XPRVRPRVRPRVRLSVLLARMREQQPLVDGEDSRINETDIKALFLNLFTAGTDTTSSTVEWALAELIRHPDVLKKAQQELDAIVGRDRLVSESDLPRLTYLTAVIKETFRLHPSTPLSLPRVAAEECEVDGFLIPAGTTLLVNVWAIAR,
SCJFHR1C03A02.g#probable polygalacturonase#XRNGHLIRSASGEKRSARDGTGKISSPCGGGAVGGFAAAGGVVRARGASSGGHGCRKHVAKVTEYGAVGDGRTLNTAAFARAVADLSRRARDGGAALVVPPGKWLTGPFNLTSCFTLYLDEGAEILASQDMNHWPLIAPLPSYGRGRDEPGPRYINFIGGSNLTDVIITGKNGTINGQGQVWWDKFHAKELKSX,
SCSBRZ3121G09.g#probable mannan synthase 11 isoform x1#XLWSKIHLWYDFFFVGKVAAHTVTFIYYCFAIPVSVLLPEIQIPLWGVVYVPTAITLLKALGTPSSFHLVILWVLFENVMSLHRIKAAVSGLLDAGGRVNEWVVTEKLGDASKAKPGTNGSDAVKVIDVKLTEPLVPKLVKKRARFWERYHCSELFVGTCILLCGFYDLLFANKGYYIFLFLQGTAFLVAGFGYVGNYLLALHKLSWTTDIPANQKLSKQSSSLLHISNSXNSMIFEQYSHQSWPDMIHFHCQEGCSDIVVILLSVLVRFEPTILYCQEGHSNSVTIPNXRITVFTEXIMTKKKDWCSSISFTSRRDAVHSRERIAAAVNGIALAANLCRSANS,
SCCCLR1001A03.g#leucine-rich repeat receptor-like protein kinase family protein#NVTPPMPVCSSVAMTTTAACALVALLLVAVAVADDGATLVEIKKSFRNVGNVLYDWAGDDYCSWRGVLCDNVTFAVAALNLSGLNLEGEISPAVGSLKSLVSIDLKSNGLSGQIPDEIGDCSSLRTLDFSFNNLDGDIPFSISKLKHLENMILKNNQLIGAIPSTLSQLPNLKILDLAQNKLTGEIPRLIYWNEVLQYLGLRGNHLEGSLSPDMCQLTGLWYFDVKNNSLTGVIPDTIGNCTSFQVLDLSYNRFTGPIPFNIGFLQVATLSLQGNKFTGPIPSVIGLMQALAVLDLSYNQLSGPIPSILGNLTYTEKLYIQGNRLTGSIPPELGNMSTLHYLELNDNQLTGSIPPELGRLTGLFDLNLANNHLEGPIPDNLSSCVNLNSFNAYGNKLNGTIPRSLRKLESMTYLNLSSNFISGSIPIELSRINNLDTLDLSCNMMTGPIPSSIGSLEHLLRLNLSKNGLVGFIPAEFGNLRSVMEIDLSYNHLGGMIPQELEMLQNLMLLKLENNNITGDVSSLMNCFSLNILNVSYNNLAGVVPTDNNFTRFSPDSFLGNPGLVDIGLVLRVIPXGHREKPPISKAAIIGVAVGGLVILLMILVAVCRPHRPPAFKDVTVSKPVSNAPPKLVILHMNMALHVYDDIMRMTENFSEKYIIGYGASSTVYKCVLKNCKPVAIKKLYAHYPHSLKEFETELETVGSIKHRNLVSLQGYSLSPVGNLLFYDYMESGSLWDVLHEGSSKKKKLDWETRLRIALGAAQGLAYLHHDCSPRIIHRDVKSKNILLDKDYEAHLTDFGIAKSLCVSKTHTSTYVMGTIGYIDPEYARTSRLNEKSDVYSYGIVLLELLTGKKPVDNERNLHHLILSKTASNEVMDTVDPDIGETCKDLGEVKKLFQLALLCTKRQPSDRPTMHEVVRVLDCLVNPDPPPKPSAHQLGQLPQPSPAVPSYINEYVSLRGTGALSCANSSSTSDAELFLKFGEAISQNME,
SCSFSB1068E07.g#probable beta- -galactosyltransferase 16#MARSPTSSPPSLAFLASTLPLPTPXAQLSWGLLRPLLCRSDALPGTAAGVLEAAEAWRNLTLAVAAAAASEEEGHPQGPRCSSSVGGDLRAGRARLPCGLAEGAAVTVVGVPREGASKFWVEMLGASX,
SCEQLB1065B01.g#sucrose synthase#XQIEALVYGKEENDEHIGYLENRSKPVIFSMARLDKVKNITGLVEWYGQDKRLRDLVNLVVVGGLLDPTKSKDREEIEEINKMHSLINKYQLKGQIRWIKAQTDRVRNGELYRCIADTRGAFVQPALYEAFGLTVIEAMNCGLPTFATNQGGPAEIIVNEVSGFHINPLDGKEASNKIANFFQKCNEDPMYWNRMSTAGLQRIYECYTWQIYATKVLNMGSMYGFWRTLDKEEKQTKQQYLQMFYNLHFRKLANAVPKVGEQLEQATAVALPDRSAPRPKQRKTEIRIX,
SCVPRZ2040E07.g#probable gdp-l-fucose synthase 1#KVGGIHANSTYPADFIAANLQIQTNVVDAALRCGSVRKLLFLGSSCIYPKFAPQPITEGALLSGPLEPTNEWYAVAKIAGIKMCQAYRIQHGLDAVSAMPTNLYGPHDNFHPENSHVLPALIRRFHEAKATNAPEVVVWGSGSPLREFLHVDDLADGVIFLMEHYSGLEHVNVGSGSEVTIKELAELVKEVVGFQGNLVWDSSKPDGTPRKLMDSSKIQGMGWKPKIALKEGLVETYKWYVENVISNKK,
SCQSRT2034G08.g#alpha-galactosidase#MARAPRWWSSSSLALVLIIVAAAAAVTASEAVRVPAVGNWTEELRGAAARRARQRHGWRSRRRAFENGLGRTPQMGWNSWNHFGCGINENLIKQTADALVNTGLAKLGYEYVNIDDCWAESDRDYQGNFVANRQTFPSGIKALADYVHAKGLKLGIYSDAGTRTCSQKMPGSLDHEEQDVKTFSSWGIDYLKYDNCNDAGRSVMERYTKMSNAMKTYGKNIFFSLCEWGRQNPATWAGSMGNSWRTTDDIADNWDSMTSRADQNDRWASYAGPGGWNDPDMLEVGNGGMSEAEYRSHFSIWALAKAPLLIGCDVRSMSQQTKDILSNSEVIAVNQDSLGVQGKKVQSNNGLEVWAGPLSNNRKAVVLWNRQGYQATITAQWSSIGLASSTAVTARDLWAHSSFSAQGQLSASVAPHDCKMYVLTPNNLEDKSRFHSVGCNHSIKIQEKEYAGKDSKRRKRDIIVGNNLXSVSVSKALSNVSACITECLQRNRSNKIGLPTTLFTSM,
SCMCFL5007G07.g#endoglucanase 6-like#XDHACWERPEDMDTPRTVYKVDASHPGSDVAAETAAALAAASIVFRDAGDPGYAGRLLDRAVQVFEFADAHRGAYSGSLRDAVCPCYCDYAGYQDELLWGAAWLHKASRRREYREYIKRNEVVLGASDAINEFGWDNKHAGINVLISKEVLMGKDEYFQSFRVNADNFMCTLLPGISNHPQIQYSPGGLLFKVGSSNMQHVT,
SCMCCL6048D12.g#beta-glucosidase 31#MSYLKLVPFFALEPYHTLISLVHRNGSNVQGYFVWSFLDVFEYLFGYRMRFGVCGVEFNSTARTRYQRHSAKWYSSFLRGGELRPVALPEGAYSXVINNTLQLEGKSGKLVINTLEVERIENVXARLVGWYIAVPKYDFLGXNMVRVEKASFSVWLGVYWGFKMEKSAVIGKGQKVVIM,
SCRFLR1034B05.g#endoglucanase 16-like#LSGDVGPWPVAVHLVRLPRRRHVLGPLPAVVVRVAIADLCPELVGPGVRLDEVVGAPLDGLERVGELAGVGDVGAVLEQGPGEHGDGEGHGQAELDVVAGVVVPAHQVHPLLEAVGEAGVVAPGDALAVRQPPRPLRLEVEQALPQRVLVVVPRVYLSIAKKYRRSPINGFIGFMENFSVKNXNNIIPNFTIIVSKTFSIKXLVHNSIDIIEYHTFMXGGILKIGISSINKFYRTSAINGIIGFIKIXIADKFFPGPDQPLALYCTSKIVAALSSIMHKCILIHCWRYDLLSVRQVLMLETTRSFYTY,
SCAGRT2039D04.g#l-ascorbate oxidase precursor#MASPSSRLLLLLSCLALALLAADAEVHHHEFVVQETPVKRLCKTHNIITVNGQFPGPTLEVREGDTLVINVVNRAQYNVTIHWHGIRQMRTGWADGPEFVTQCPIRPGGSYKYRFTIEGQEGTLWWHAHSSWLRATVYGALIIRPRENKTYPFAKPSREVPVILGEWWDANPIDVIREAQKTGGGPNVSDAFTINGQPGDLFKCSQKETTAIPVKAGETALLRFINAALNHELFVTIAQHKMTVVATDASYTKPFTTSVLMIAPGQTTDVLVTMDQAPTRYYVAARAYVSGQNVAFDX,
SCEQRT1026H08.g#flavonoid 3 -hydroxylase#CSSSPLFETKWLPGPTTYPFDSYKTCAGYGFTEEWLASSDVIGNDGAGGFFSEDQAFSLNFXLVREWRPGMGVICRVSVKNXMSCNXWALYMHGTRVPTRHLASGPKLADIQCKAGTGAVVLPVTIMDNLSQAMRLRGCYVKPPKINKRASREPSKKTMDVPLPLLLGSLAVSVVVWFLLLRRGGDGGKGKRPLPPGPRGWPVLGNLPQVGSHPHHTMCALAKEYGPLFRLRFGSAEVVVAASARVAAQFLRAHDANFSNRPPNSGAEHVAYNYQDLVFAPYGSRWRALRKLCALHLFSAKALDDLRGVREGEVALMVRELARHQHAPVVLGQVANVCATNTLARATVGRRVFAVDGGEEAREFKDMVVELMQLAGVFNVGDFVPALAWLDPQGVVGKMKRLHRRYDDMMNGIIRERKAAGEGKDLLSVLLASMREQQPLADGEDSRINETDIKALLLNLFTAGTDTTSSTVEWALAELIRHPDVLKKAQQELDAVVGRDRLVSESDLPRLTYLTAVIKETFRLHPSTPLSLPRVAAEECEVDGFRIPAGTTLLVNVWAIARDPEAWPEPLQFRPDRFLPGGSHAGVDVKGSDFELIPFGAGRRICAGLSWGLRMVTLMTATLVHALDWDLADGMTADKLDMEEAYGLTLQRAVPLMVRPAPRLLPSAYAAE,
SCVPLR2019C01.g#cell wall partial#MAGLPLAAVAFHLCLLASSSSALRPATTAKESGGGSRAGRTAYHFQPAKNWQNDPNGTADSFMFLVLCSWFSYPGRCRICFAPLKLNLCRX,
SCVPFL3044F05.g#cinnamyl alcohol dehydrogenase#LPSRALRLPPPARASVEKREQQVTMEEQGGQAAFGWAARDDTGVLSPYNFSRRVPKDDDVTIKVLYCGICHTDLHIIKNDWGNAMYPVVPGHESCGKGNENYCAGVVQTSNGVDHTHSGVPTKGGFSDVIVVNEHYVVRVPDGLALDRTAPLLCAGVTVYSPMMRHGLNEPGKHLGVVGLGGLGHVAVKFGKAFGMKVTVISTFGSKRQEAIENLGADEFLISRDPEQMKAATGTMDRIIDTVAGWHPITPLVALVNPWGXCESGAGPX,
SCCCLB1001F10.g#cinnamyl alcohol dehydrogenase 7-like#RPRYHSPPLLQSSSPAATSAADCESSHRGATIMAPVEAEQHPRSALALAAHDASGRLSPIRISRRDTGDDDVAIQILYCGICHSDLHTIKNEWKNANYPVVPGHEIAGRITEVGKNVKKFNVGDKVGVGCMVNTCQSCESCEEGHENYCSKIIFTYNSHDRDGTVTYGGYSDMVVVNKRFVIRFPDGMPLDKGAPLLCAGITVYNPMKYHGLNEPGKHIGVVGLGGLGHVAVKFAKAFGMRVTVISTSPEKREEAMETLGADAFVVSTDANQMKAVKGTMHGILNTASASMSMYSYLALLKPHGKMILLGLPEKPLQISAFSLVAGGKTLAGSCMGSIRDTQGMMDFAAKHGLTADIELIGPEEVNEAMERLAKGEVRYRFVIDVGNTLSAASLASSPVPALSYDTFPARINK,
SCQSAD1056B07.b#laccase family protein#XPIHLHGYDFYILAEGFGNFDAATDTAKFNLDDPPMRNTVGVPVNGWAVIRFVADNPGVWLMHCHLDVHITWGLAMAFLVEDGVGELQSLEAPPADLPAAESLKGSKHH,
SCCCLB1C02H10.g#udp-glycosyltransferase 87a2-like#XVSMPSSQLEEVALGLHESTVRFFWVARDRATTTTLHQISGDKGLVVPWCDQLKVLCHPSIGGFLSHCGWNSTLEAVFAGVPVLAFPVFWDQLVIGHLVADEWKIGINLKEQRREDGVVSRAAISHAVTKLMDVSDADSLEMRRRAAELREASHSAIQEGGSSRCSLNNFVRDIMEGRLNVAETL,
SCSGFL1077D08.g#xyloglucan endo-transglycosylase#RGFRGGPLLATQGARWWDQPEFRDLDAAQYRKLADVRRRYTIYNYCTDGDRYAAVPPECARDRDV,
SCCCRZ3097C07.g#callose synthase 12-like#XRVLSIFITWAALRFLQSFXDIGTQFHRAFRDGRMLAVRMVLKVIVAAAWVLAFAVLYKRDLDQRSSNGQWSSAADSRIMSFLYAAAAFVIPEVLAIVLFIVPWVRNALEKTNWKICYALTWWFQSRSFVGRGLREGTFDNVKYSIFWVLLLAVKFAFSYFLQIRPLVKPTKEIYKLSGIEY,
SCCCCL4009F05.g#beta-d-xylosidase 4-like#XCCKHYTAYDVDNWKGVERYTFNAVVSQQDLDDTFQPPFKSCVVDGNVASVMCSYNQVNGKPTCADKDLLSGVIRGDWKLNGYISSDCDSVDVLYNNQHYTKTPEDAAAISIKAGLDLNCGNFLAQHTVAAVQAGKLSESDVDRAITNNFVTLMRLGFFDGDPRELPFGNLGPSDVCTSSNQKLAREAARQGIVLLKNSGALPLSASSIKSMAVIGPNANASFTMIGNYEGTPCKYTTPLQGLGTNVATVYQPGCTNVGCSGNSLQLDAATKAAASADVTVLVVGADQSIERESLDRTSLLLPGQQPQLVSAIANASRGPCILVVMSGGPFDISFAKSSDKIAAILWVGYPGEAGGAAIADVLFGYHNPSGRLPVTWYPESFTKVPMTDMRMRPDPSTGYPGRTYRFYTGDTVYAFGDGLSYTSFAHHLVSAPKQVALQLAEGHTCLTERCPSVEAEGPHCEGLAFDVHLRVRNAGEMSGAHTVFLFSSPPAVHNAPAKHLLGFEKVSLEPGQAGVVAFKVDVCKDLSVVDELGNRKVALGXPYLHVGDLKHTLNLRVDENTKTDREGNGYHDEDSWLENWMGRSRSGKRGLSELVRQVSNKGFLLGKNWIHGQLSDLFGGVGFLEVRFVIVIPINVIDWKFRREYAELFSYNQFQRAHMVLFLMMKKNNLSY,
SCEPRZ1011A02.g#cinnamyl alcohol dehydrogenase#MGSLASERKVVGWAARDATGHLAPYTYTLRSTGPEDVVVKVLYCGICHTDIHQAKNHLGASKYPMVPGHEVVGEVVEVGPEVTKYGVGDVVGVGVIVGCCRECNPCKANVEQYCNKKIWSYNDVYTDGRPTQGGFASTMVVDQKFVMKIPAGLAPEQAAPLLCAGVTVYSPLKAFGLTTPGLRGAILGLGGVGHMGVKVAKAMGHHVTVISSSSKKRAEAMDHLGADAYLVSSDAAAMX,
SCEQRT1027C08.g#hypothetical protein SORBIDRAFT_06g020260#LRYMQMGAEAVHAANPNVLVILSGLDFDNTLSFLFKEKVHLSFSGKLVYEQHWYGFSDGGNWETQNQNDACGMVVDFIWAKGLFLLQQGWPLFFSEFGFDMSGTHIGDNRYLTCFLSVAAEMDLDWSIWALQGSYYIREGILAYDESYGLLSWDWCTVRNPSFIKRINSLQSPFQGPGLPNSQEPYNIX,
SCUTST3152C01.g#cytokinin-o-glucosyltransferase 1#XAFNTFADLEQEYCEAHVRVGSFKRGYFVGPVSLPLPPAAASISESPCIRWLDSKPSCSVVYVCFGTYAAISGDQLRELALGLEASGKSFLWVVRADGWEPPEGWEERVGERGMLVRGWAPQTAILAHPAVGAFLTHCGSSSLLEAAAAGVPMLTWPLVFDQFIEERLVTDVLRIGKRVWSGPRSTRYEERELVPAEAVARAVGRX,
SCRURT2008D11.g#tpa# exhydrolase ii#MDALVAAWLPGTEGQGITDVLFGDFGFTGKLPRTWFKSVDQLPMNYGDKNYDPLFPLGFGLTTQGKGY,
SCSGFL4C06E05.g#probable alpha-mannosidase i mns4#MFYHAFDGYMKYAFPLDELRPLSCQGEDSLGGYALTLIDSLDTLALLGDKEKFGAAVEWVGKNVRFDINKTVSVFETNIRILGGLLSAHLIASDYATGMRIQSYDDQLLHLAADLAQRLLPAFDTPTGIPFGSX,
SCJLST1019F09.g#chitinase domain-containing protein 1#ASSFVATAGEMPPRRRDRRRPRYPSPPSSDARAPPSASGLRLTLLAPLLLLVLVLAALGFSGLLSRSPPHSRTLQTTAHSVYERGLVKRDVSAREILAEHTRVSENRSQRNFANPVLAYVTPWNSKGYDMAKLFSKKLTHVSPVWYDLKSDRNRLVLEGEHNFDAKWVSELQSNGSLVVPRIVLEAFPAVLLLEKKQKEKAIDLIVSECRDKGYDGIVLESWSRWAIYGVLDDQELRYMALQFLKQLGEALHSVSSKSSSRHLELIYVIPAPRMQKLNNQDFGPEDLMHLADTLDGFSLMTYDFSGPQNPGPSAPLKWVHDSLAALLSAKGSSGSTSHSQMIFLGINFYGNDFLLLEFNFGERTEDSRAVEAHVGX,
SCEQRT1025E07.g#probable polygalacturonase#HPLLTLSIYGTIMTCYSHIFQVLAMYKAPISRSFVLSSIAXYNGNGDINGQYLSSLDIISNIKKSPMLTQLVNKCTKLKKVPVK,
SCCCRZ2002D05.g#exostosin family domain-containing protein#DHIFVLTGYVKXLKHSLTDPVAMWHVRAEIAPAILLVVDFGGWYKLDSKPASRNSSRMIQHTQVSLLKDVIVPYTHLLPTLLLSENKDRPTLIYFKGAKHRHRGGLVREKLWDLLGNEPDVIMEEGFPNATGREQSIKGMRTSEFCLHPAGDTPTSCRLFDAIASLCIPVIVSDEVELPFEGIIDYTEFSIFVSVGNAMRPKWLTSYLRDISKQQKDEFRRNLARVQPIFEYDTSYSISRGSTSIDGAVTHIWKKIHQKLPMIQEAIIREKRKPDGASIPPGVIVHELTIAATIPHVLAYNEQLLKVTSVFVVFIGSCKYEHVKKW,
SCCCFL2002C09.g#expansin alpha isoform 1#XNXRAAPRVRPLFLLLLLLSVASFGGGVRLGNGGYEDWRLGTATYVKEFQSHPLNDGGGACGYGDLDIFRYGRYTAGLSAALFGRGSACGGCYELRCVNHIQWCLRGSPTVVVTATDFCPANMGLADEAGGWCNFPREHLELSEAAFLRVAKAKAX,
SCACAD1037G05.g#udp-glucuronic acid decarboxylase#MAETTPDDPRQRTPAITKAKQVLGWKPKIVXRIGMVLMEDDFRERVAVPKKTKAXICLPVDEKYXTGEHTHSWVGHYSCPHFIMELKFHLHIRNLRVLLLLLSTPTPPFQRELLHPAPDGGRIEGRLVGTLRQH,
SCJLRT1022D10.b#glycosyl hydrolase family 10 expressed#XHGRAIFSNAPKFRFDDGPIXLNNVSPTQGGALFLFSPEVGYEANIFKAQDAGPGYLEPVDAEGLIHTGPFRGCHTGTGPPPHRLLRECPSGMGPLSNLPEGNVFTRLFNDCRRFQAGGQTDAHGXLEFQRLRGGVRLQGELQQLEDAAHFILSRGDDTRHIYVEMCPRVRDDRWVI,
SCAGLR1043H05.g#mannosyl-oligosaccharide -alpha-mannosidase mns3-like#MSGTSGALPYSMRDVGAGGAYNNAKFRHRSRLKMVLQSLSTNSSKYHCGKFTVGKFLSLLMVSGLLYLFLHKGSEDIVSSELHGKEVQNKNARRAPNIRTFWRKPPRLPPRLPPNEIYKNNSLLQQSPSEWTSRQKKVKEAFEYAWSGYQKYAMGYDELMPLSHRGTDGLGGLGATIVDSLDTAIIMGADDVVSEASKWIEDNLMKRISEKGQVNLFETTIRVLGGLLSAYHLSGGDHPGAGDSGVPVTYKKANPERLXEXSKDLANRLLLAFTSSPTAIPLSDVILRDHTAHAAPDGLSSTSEASTLQLEFSYLSKVSGDPKYDRAAMKXVRAYATLPKVEGLVPIYINPSSGQFSGENIRLGSRGDSYYEYLLKVWVQQEEYRDSXLKYX
